Pic\Features,s-ASM,s-CON,s-COR,s-VAR,s-IDM,s-SAV,s-SEN,s-SVA,s-ENT,s-DEN,s-DVA,s-DIS,s-CLS,s-CLP,s-MIP,s-MAP,s-MEA,s-IMIN,s-IMAX,s-IMEA,p-ASM,p-CON,p-COR,p-VAR,p-IDM,p-SAV,p-SEN,p-SVA,p-ENT,p-DEN,p-DVA,p-DIS,p-CLS,p-CLP,p-MIP,p-MAP,p-MEA,P-IMIN,P-IMAX,P-IMEA
2015040117594700008-.bmp,0.005230589,12.80733894,0.983863275,396.8382308,0.345421068,31.18285407,4.331656383,2295.532402,6.083719009,2.02649754,9.91E-05,2.520504043,223330.5405,5.34E+07,0,0.017719744,15.59142703,0,0,0,0.017970259,318.8145833,0.821913629,895.1122472,0.167541637,45.8013465,4.031881618,5006.322602,5.593920791,2.973730679,6.35E-05,13.18910081,485841.243,1.18E+08,0,0.107508477,22.90067325,0,0,0
2015040117594700036-.bmp,0.007661523,10.50349178,0.990556493,556.1224245,0.369327078,29.86670253,4.211244196,2872.188748,5.847000795,1.941381658,1.03E-04,2.285442749,425742.3097,1.19E+08,0,0.032482394,14.93335126,0,0,0,0.024521897,210.005862,0.736611992,398.6625359,0.192187675,30.8935446,3.686333313,2124.876628,5.184235234,2.825264514,6.81E-05,10.69729395,177387.4041,3.93E+07,0,0.128860198,15.4467723,0,0,0
2015040117594700058-.bmp,0.012528444,5.596853808,0.990580274,297.0815724,0.475765145,25.13046101,4.074402494,1626.087036,5.383350184,1.643542142,1.21E-04,1.592902321,169054.1669,4.33E+07,0,0.046328899,12.5652305,0,0,0,0.025793291,542.8222809,0.521816791,567.5881861,0.18102144,41.07614111,3.563652413,3134.717272,4.972748403,2.836706017,6.80E-05,17.26091549,179464.9931,3.89E+07,0,0.131308685,20.53807055,0,0,0
2015040117594700063-.bmp,0.00768147,11.70311685,0.990261736,600.8831173,0.365287455,31.70464267,4.250059294,3145.583501,5.911675314,1.98402113,1.01E-04,2.381201095,412987.8077,1.09E+08,0,0.033698487,15.85232134,0,0,0,0.027086907,470.7883933,0.583671813,565.4053795,0.186116762,40.40428404,3.567717848,3147.765733,5.000424278,2.811989792,6.95E-05,16.03011868,170796.9853,3.16E+07,0,0.135961137,20.20214202,0,0,0
2015040117594700068-.bmp,0.009894706,9.030731612,0.98449453,291.2111608,0.387053553,24.31714919,4.018972432,1567.829891,5.587871576,1.884465794,1.06E-04,2.132387846,160493.1457,4.24E+07,0,0.039263824,12.1585746,0,0,0,0.027575176,238.1407799,0.619685659,313.0841442,0.196497777,28.90869197,3.56590195,1656.452803,4.965124001,2.806988121,6.90E-05,11.38255738,105630.5614,2.19E+07,0,0.13685772,14.45434598,0,0,0
2015040117594700087-.bmp,0.005991663,10.12903625,0.987281935,398.2145034,0.376935206,31.80618153,4.350726469,2336.53099,5.997639935,1.923056602,1.05E-04,2.23620892,203359.6963,4.82E+07,0,0.017797992,15.90309077,0,0,0,0.022376631,534.3955138,0.6536879,771.5518953,0.17206001,46.73470918,3.442358171,4426.039723,5.2175087,2.58626228,7.40E-05,17.15417319,302702.6668,6.55E+07,0,0.12208529,23.36735459,0,0,0
2015040117594700109-.bmp,0.006599039,11.14624739,0.98965833,538.8997633,0.360274685,32.73375391,4.348676408,2950.165431,6.024805806,1.979229308,1.01E-04,2.376411711,344863.5798,8.81E+07,0,0.032260694,16.36687696,0,0,0,0.021910993,294.1563022,0.638778242,407.1685819,0.178611354,34.44018975,3.511347703,2291.111296,5.19184639,2.725362904,7.20E-05,12.7887813,146480.1363,3.23E+07,0,0.120018258,17.22009487,0,0,0
2015040117594700126-.bmp,0.00754573,10.6795742,0.988126234,449.7130074,0.369727302,31.37416862,4.310225753,2520.629459,5.95045106,1.964188973,1.02E-04,2.319956312,228017.9425,4.96E+07,0,0.039091028,15.68708431,0,0,0,0.01905894,421.6026082,0.65838662,617.0756672,0.166043146,43.22994262,3.747046287,3605.599163,5.338697052,2.840612593,6.60E-05,15.30179969,206793.218,4.06E+07,0,0.10991458,21.61497131,0,0,0
2015040117594700149-.bmp,0.003702129,14.96859677,0.986570832,557.3166214,0.314671533,37.86112415,4.532042112,3325.125598,6.407439686,2.122442105,9.38E-05,2.811248044,326208.1353,8.06E+07,0,0.013442227,18.93056208,0,0,0,0.029827605,478.9431371,0.444754894,431.2898322,0.190791444,35.37024974,3.393857789,2268.705834,4.750207711,2.768553721,7.02E-05,16.18399517,125472.3405,2.71E+07,0,0.141666667,17.68512487,0,0,0
2015040117594700171-.bmp,0.003961854,15.1501891,0.988044985,633.6332142,0.331546305,40.96451487,4.639149091,3838.914866,6.45620511,2.110880734,9.53E-05,2.740401669,377211.4194,9.90E+07,0,0.02231025,20.48225743,0,0,0,0.040065368,1075.197724,0.206406017,677.423057,0.209444853,45.72209833,3.157672184,3446.224877,4.430237888,2.658785456,7.47E-05,24.00298644,89757.65462,1.53E+07,0,0.169780256,22.86104917,0,0,0
2015040117594700185-.bmp,0.004940579,8.949546818,0.991503519,526.6619497,0.40534907,37.73604917,4.549713955,3199.031097,6.113339224,1.854073648,1.09E-04,2.054411189,321761.3781,8.22E+07,0,0.016301513,18.86802458,0,0,0,0.007174476,175.7104493,0.885909093,770.0458079,0.144741005,47.21065793,4.535517302,4725.64041,6.369307215,3.133589715,5.70E-05,10.05204421,384782.209,9.00E+07,0,0.061186098,23.60532896,0,0,0
2015040117594700206-.bmp,0.00301434,18.35733568,0.98321204,546.7410913,0.279299703,38.2824987,4.551214445,3306.406567,6.55828025,2.230939618,8.79E-05,3.195337767,333422.1751,8.55E+07,0,0.011932707,19.14124935,0,0,0,0.019183959,203.1687989,0.66587674,304.0327074,0.180906014,29.67446531,3.761021154,1684.468619,5.286533391,2.899500776,6.52E-05,10.66206964,121887.9911,3.03E+07,0,0.11024061,14.83723266,0,0,0
2015040117594700207-.bmp,0.005146428,16.59629304,0.986743681,625.9766542,0.314522016,37.72111046,4.515026134,3589.95436,6.367980888,2.169618903,9.17E-05,2.920419275,368348.6776,9.16E+07,0,0.032231351,18.86055523,0,0,0,0.015781993,187.4144855,0.839605445,584.2295767,0.174964542,37.44481938,4.114873602,3260.389107,5.716610035,2.990574597,6.26E-05,10.17547926,289845.148,6.50E+07,0,0.100267345,18.72240969,0,0,0
2015040117594700210-.bmp,0.011564684,6.387519562,0.988580596,279.6783192,0.449838793,22.78896714,3.956942456,1466.970911,5.344949101,1.706024528,1.16E-04,1.726212833,159975.2963,3.81E+07,0,0.037773865,11.39448357,0,0,0,0.040219628,520.1507107,0.278464969,360.4473024,0.213746321,32.85854199,3.189450777,1801.893473,4.441666574,2.67478412,7.45E-05,16.68909103,59588.08367,1.13E+07,0,0.170034559,16.429271,0,0,0
2015040117594700211-.bmp,0.006065187,11.23810316,0.986408325,413.4186292,0.354728177,31.4566934,4.334677373,2378.040167,6.039896518,1.99163448,1.00E-04,2.412359807,214313.2282,4.93E+07,0,0.026473657,15.7283467,0,0,0,0.035365672,429.7634846,0.492790715,423.6549859,0.205865843,32.92115284,3.069561244,2155.97398,4.633049634,2.440671816,7.92E-05,15.18178143,166804.2659,4.48E+07,0,0.157964919,16.46057642,0,0,0
2015040117594700223-.bmp,0.006196322,9.395285603,0.993118691,682.6670238,0.399780953,36.92791471,4.476367094,3774.375752,6.049230342,1.875259341,1.08E-04,2.103579812,499306.1644,1.42E+08,0,0.022339593,18.46395736,0,0,0,0.015717518,187.8779864,0.824757403,536.0511357,0.173116491,33.50820944,3.94276201,2830.442238,5.54211041,2.949781575,6.33E-05,10.24512911,372413.565,1.08E+08,0,0.097701487,16.75410472,0,0,0
2015040117594700224-.bmp,0.006501598,10.83213028,0.988957737,490.4850704,0.358547416,31.2388139,4.289531728,2677.371961,5.975628494,1.975335891,1.01E-04,2.37025626,283593.106,6.57E+07,0,0.031928143,15.61940695,0,0,0,0.029297384,606.0554675,0.467376723,568.9344551,0.188837167,41.36269236,3.457984813,3106.449207,4.84056849,2.783356847,7.00E-05,18.17753978,156952.231,3.19E+07,0,0.142041601,20.68134618,0,0,0
2015040117594700227-.bmp,0.004954795,12.74201878,0.986089643,458.0047419,0.335750785,35.27205921,4.475808428,2767.686011,6.260366595,2.059303395,9.66E-05,2.601545383,218230.6075,5.04E+07,0,0.028292906,17.6360296,0,0,0,0.016016134,245.3360785,0.798326105,608.2494677,0.165648877,39.82586072,3.982588441,3472.40196,5.629474998,2.939940862,6.36E-05,11.7105373,294199.4484,6.97E+07,0,0.100208659,19.91293036,0,0,0
2015040117594700228-.bmp,0.004666863,14.98732394,0.981758257,410.7974671,0.303805903,30.25133672,4.293620857,2302.005558,6.177912992,2.144538629,9.14E-05,2.891973135,262666.4246,6.71E+07,0,0.025987872,15.12566836,0,0,0,0.027797464,424.6625391,0.496273866,421.5212496,0.188290805,35.63416797,3.494066928,2294.408554,4.879851664,2.797952689,6.94E-05,15.24704617,118560.4181,2.45E+07,0,0.137196792,17.81708399,0,0,0
2015040117594700231-.bmp,0.005722154,13.19315662,0.986056614,473.0973105,0.338978208,32.63041536,4.341028635,2679.485487,6.11828684,2.057601436,9.74E-05,2.595608372,232896.1455,4.74E+07,0,0.024214267,16.31520768,0,0,0,0.022435177,157.0997359,0.726803238,287.5212257,0.196864704,26.71809794,3.746832005,1520.664225,5.227516192,2.876226572,6.64E-05,9.273992567,116481.4362,2.59E+07,0,0.121935316,13.35904897,0,0,0
2015040117594700233-.bmp,0.009696416,10.40739763,0.988499482,452.4751724,0.394599137,29.57918949,4.216133421,2442.777905,5.792473424,1.921875803,1.05E-04,2.195836594,255092.0102,5.94E+07,0,0.045197574,14.78959474,0,0,0,0.034982355,395.86726,0.535221509,425.8665879,0.206261824,32.98378978,3.389375462,2183.42845,4.694954494,2.741079972,7.22E-05,14.54109937,146360.0424,3.13E+07,0,0.157531299,16.49189489,0,0,0
2015040117594700237-.bmp,0.008180389,8.577572379,0.991863613,527.1118453,0.411642312,31.40982329,4.294923238,2835.087614,5.817977374,1.838701781,1.09E-04,2.010103678,377287.7769,1.09E+08,0,0.029075378,15.70491165,0,0,0,0.039035074,624.2489176,0.323699974,461.5177388,0.212204416,37.09186881,3.242590772,2367.595661,4.523137941,2.69438838,7.41E-05,18.25084768,87832.9787,1.65E+07,0,0.168632629,18.5459344,0,0,0
2015040117594700242-.bmp,0.00767337,9.775084768,0.989293327,456.4949806,0.391036023,30.01860981,4.254084588,2480.015597,5.841659964,1.89362536,1.06E-04,2.153077726,286759.4768,7.47E+07,0,0.030588159,15.0093049,0,0,0,0.0257752,383.7955399,0.639003637,531.5781259,0.186801992,37.68550469,3.588317837,2905.135115,5.075538277,2.779166069,6.89E-05,14.43011868,198546.0993,4.26E+07,0,0.132492175,18.84275235,0,0,0
2015040117594700252-.bmp,0.007782814,14.13613067,0.987240533,553.9467727,0.358324601,31.95265389,4.296609838,2966.507732,5.995190903,2.054739942,9.88E-05,2.554055816,347871.577,8.65E+07,0,0.041960094,15.97632694,0,0,0,0.020972918,198.4208496,0.797713474,490.4450478,0.189168981,33.16603743,3.884387061,2620.77439,5.394477832,2.914211149,6.55E-05,10.39684077,267214.6199,6.77E+07,0,0.118658712,16.58301871,0,0,0
2015040117594700260-.bmp,0.004604629,15.20005543,0.988540372,663.2002063,0.318483543,39.00306794,4.551919191,3824.48242,6.392609624,2.132407314,9.33E-05,2.819212963,400134.9745,1.00E+08,0,0.026059598,19.50153397,0,0,0,0.024367364,168.8123728,0.786847201,395.9891068,0.200729927,29.33319966,3.780852872,2068.066481,5.244732641,2.868475344,6.72E-05,9.532417188,192164.1815,4.62E+07,0,0.128742827,14.66659983,0,0,0
2015040117594700299-.bmp,0.005831082,9.410798122,0.991524105,555.1507246,0.389877171,36.25652061,4.466776463,3221.779933,6.071686911,1.886920099,1.07E-04,2.142553469,344799.2322,9.13E+07,0,0.022124413,18.1282603,0,0,0,0.012614222,132.7774648,0.80233887,335.8714597,0.172098928,29.91052426,4.056821866,1879.122301,5.713879796,2.993313979,6.14E-05,8.702614763,168867.5088,4.22E+07,0,0.085044992,14.95526213,0,0,0
2015040117594700302-.bmp,0.005631701,15.71969875,0.984985731,523.4919951,0.309463934,34.13643062,4.407626406,2962.050082,6.259285782,2.161050902,9.12E-05,2.910172144,304325.8868,7.34E+07,0,0.034953704,17.06821531,0,0,0,0.0181381,585.5027061,0.684380493,927.5451813,0.159979391,53.80482525,3.789517726,5626.209006,5.451254362,2.875552879,6.76E-05,18.02387846,355184.6816,8.07E+07,0,0.108607199,26.90241262,0,0,0
2015040117594700308-.bmp,0.008209892,7.218974961,0.991423789,420.8720373,0.455104743,31.41193271,4.321203541,2410.176781,5.723427245,1.719284737,1.17E-04,1.753188576,233112.7533,5.53E+07,0,0.026815989,15.70596635,0,0,0,0.00561955,70.24320553,0.960133186,880.9734035,0.191210137,44.83116849,4.6771535,5065.995328,6.959583565,2.880565865,6.26E-05,6.221302817,538551.072,1.44E+08,0,0.055487089,22.41558425,0,0,0
2015040117594700334-.bmp,0.001917769,24.21419536,0.985176263,816.737193,0.253059473,51.04779604,4.857819051,5376.24855,7.011484587,2.354160221,8.31E-05,3.646909233,453544.9589,1.09E+08,0,0.006344549,25.52389802,0,0,0,0.034436815,1335.032548,0.203059503,837.5986364,0.19509551,52.14294144,3.237537608,4407.100522,4.548063382,2.72155424,7.23E-05,26.92993936,109171.3155,1.97E+07,0,0.15452204,26.07147072,0,0,0
2015040117594700343-.bmp,0.008746113,5.772277647,0.992336986,376.6323525,0.455129456,28.80214202,4.21607112,2105.232014,5.601128661,1.673429912,1.18E-04,1.669128195,236773.7114,6.04E+07,0,0.035677491,14.40107101,0,0,0,0.012490826,416.8821661,0.692877339,678.690015,0.144084829,48.61034168,4.025875815,4285.65249,5.678904233,3.002137045,6.12E-05,15.46869457,248570.5004,5.57E+07,0,0.084937402,24.30517084,0,0,0
2015040117594700352-.bmp,0.003197293,21.87341223,0.968364161,345.7062103,0.26479291,33.41416601,4.429476242,2201.06367,6.507468125,2.316733645,8.43E-05,3.484497261,151526.3323,3.13E+07,0,0.014355112,16.70708301,0,0,0,0.024511136,464.0214039,0.494827254,459.2700295,0.177956327,38.04288928,3.560493092,2562.094361,4.984510196,2.844041923,6.75E-05,16.02000848,120178.0426,2.26E+07,0,0.126604069,19.02144464,0,0,0
2015040117594700359-.bmp,0.010113071,7.877089854,0.98987492,388.9890152,0.42253668,25.91053404,4.04511603,2026.175476,5.52159144,1.783796958,1.13E-04,1.908010563,236987.0073,5.64E+07,0,0.02791471,12.95526702,0,0,0,0.023178705,118.2490741,0.722594974,213.1343398,0.205781335,23.02483698,3.693708605,1107.980809,5.167188044,2.862176304,6.71E-05,8.067709963,92103.90676,2.20E+07,0,0.124194705,11.51241849,0,0,0
2015040117594700379-.bmp,0.005785848,8.268811946,0.988987902,375.442183,0.391317438,32.45936359,4.38922239,2281.432747,5.979474732,1.852354554,1.08E-04,2.0693988,192433.1684,4.65E+07,0,0.020181273,16.22968179,0,0,0,0.013592411,247.9347939,0.829780858,728.2811774,0.164262017,46.90601852,4.268762409,4483.125524,5.949263549,3.033043187,6.13E-05,11.7139867,277367.4231,5.71E+07,0,0.094271648,23.45300926,0,0,0
2015040117594700384-.bmp,0.013268597,5.566128717,0.990692245,299.0049047,0.483079875,23.5801741,3.960939643,1575.367851,5.25613527,1.615780492,1.23E-04,1.554808946,175949.5467,4.31E+07,0,0.042846896,11.79008705,0,0,0,0.031110051,759.7928306,0.518576635,789.1108806,0.192765496,46.89787754,3.481306721,4281.649314,4.842711826,2.785519411,7.05E-05,20.22282538,272707.3016,6.31E+07,0,0.147962311,23.44893877,0,0,0
2015040117594700393-.bmp,0.006080892,12.23003717,0.985477436,421.0701904,0.343832086,29.73812272,4.267352581,2320.810856,6.016001783,2.031289333,9.80E-05,2.522336333,262183.603,6.76E+07,0,0.027826682,14.86906136,0,0,0,0.052587597,1251.933379,0.123908038,714.4988387,0.236255992,44.52096375,2.963435329,3333.090144,4.135237463,2.548913105,7.95E-05,25.51034168,84710.51935,1.46E+07,0,0.199224048,22.26048187,0,0,0
2015040117594700401-.bmp,0.005540023,12.57398931,0.981118518,332.9714698,0.33217188,29.89812859,4.286747575,1975.254727,6.066758643,2.051791003,9.67E-05,2.597463485,139872.0436,2.83E+07,0,0.021397366,14.94906429,0,0,0,0.02133979,184.6454062,0.576491525,217.9949367,0.189388132,26.8012487,3.689495834,1221.487461,5.171877134,2.881110892,6.61E-05,10.1265356,53737.35864,1.08E+07,0,0.11778495,13.40062435,0,0,0
2015040117594700402-.bmp,0.005814379,13.04083855,0.986276123,475.1149456,0.344026111,31.57980569,4.329239435,2630.012305,6.083570175,2.041397752,9.81E-05,2.550841158,300122.9691,7.74E+07,0,0.029473135,15.78990284,0,0,0,0.021878049,74.10123891,0.773736247,163.74969,0.233988935,18.65660537,3.669067869,805.5238014,5.21218013,2.817736806,6.72E-05,6.343948878,94851.66465,2.74E+07,0,0.120018258,9.328302686,0,0,0
2015040117594700428-.bmp,0.003863552,21.03581768,0.9814647,567.4528501,0.27216287,36.44366849,4.501622788,3269.069866,6.502362733,2.297902812,8.48E-05,3.402171362,384574.7041,1.09E+08,0,0.026206312,18.22183425,0,0,0,0.038210618,688.6666732,0.430750389,604.8898935,0.208659203,40.35787689,3.308545818,3103.545834,4.58439226,2.712494976,7.34E-05,19.14053208,174397.3278,3.69E+07,0,0.166223266,20.17893845,0,0,0
2015040117594700476-.bmp,0.008882136,10.23638824,0.986813376,388.1352898,0.384172539,27.85826487,4.164417709,2103.703164,5.771500638,1.930283085,1.04E-04,2.227637585,202224.2638,4.50E+07,0,0.038569379,13.92913243,0,0,0,0.025614524,229.926014,0.833543521,690.6490382,0.196190986,36.4349211,3.832303569,3595.600809,5.291946876,2.864682928,6.78E-05,11.07239502,428315.9025,1.10E+08,0,0.134311424,18.21746055,0,0,0
2015040117594700482-.bmp,0.003543638,17.0304284,0.990108359,860.8495218,0.329025528,47.36724374,4.746043196,5242.934395,6.608128693,2.140090036,9.53E-05,2.837059859,489354.2052,1.16E+08,0,0.012160929,23.68362187,0,0,0,0.011455087,144.144477,0.894335828,682.0877621,0.168716978,37.39226004,4.269040848,3681.354221,5.968850316,3.050706735,5.99E-05,8.994327074,443986.4294,1.13E+08,0,0.081748826,18.69613002,0,0,0
2015040117594700552-.bmp,0.003109952,26.13560576,0.981322304,699.6474634,0.250646959,42.96689815,4.675551772,4238.681455,6.76554961,2.394105107,8.11E-05,3.776000913,405130.8245,1.02E+08,0,0.021449531,21.48344907,0,0,0,0.022800535,296.0338061,0.736089732,560.8607204,0.182272334,37.40810185,3.588699492,3091.161052,5.262571418,2.734348015,7.23E-05,12.7159657,261371.3853,6.07E+07,0,0.123871935,18.70405093,0,0,0
2015040117594700554-.bmp,0.002530084,21.89760042,0.985102895,734.961627,0.266801274,44.51264345,4.723020197,4501.163027,6.798290844,2.309993493,8.48E-05,3.458613719,477001.6911,1.28E+08,0,0.015056077,22.25632173,0,0,0,0.024292763,720.4165395,0.502019848,723.3386074,0.17435464,48.212262,3.595623205,4163.582347,5.03114463,2.846122141,6.75E-05,19.95059011,204838.6467,4.35E+07,0,0.127125717,24.106131,0,0,0
2015040117594700556-.bmp,0.007753853,11.24703965,0.989593544,540.3876001,0.375103642,31.9801252,4.28712178,2917.205799,5.924454619,1.960887122,1.03E-04,2.31530386,329768.6427,8.18E+07,0,0.030760955,15.9900626,0,0,0,0.02442499,158.8484318,0.775344593,353.5379674,0.203169662,28.15474374,3.785210893,1849.177569,5.235058785,2.876469188,6.71E-05,9.26950639,161446.4052,3.55E+07,0,0.129698096,14.07737187,0,0,0
2015040117594700568-.bmp,0.006332298,14.89345005,0.979852327,369.6071931,0.321108431,29.66976721,4.275397643,2108.409328,6.089339688,2.127610749,9.31E-05,2.795862676,176435.3952,3.75E+07,0,0.036564293,14.83488361,0,0,0,0.026893158,415.2610492,0.653973199,600.0417425,0.189117017,40.09108959,3.655853782,3312.432329,5.076427379,2.828112667,6.89E-05,14.99376304,225973.5664,4.72E+07,0,0.136916406,20.0455448,0,0,0
2015040117594700606-.bmp,0.00395854,17.90427426,0.986040923,641.312988,0.293860375,37.48942032,4.503278795,3635.43321,6.438434988,2.204085958,8.99E-05,3.077063772,415918.8532,1.06E+08,0,0.017615415,18.74471016,0,0,0,0.026703083,409.209181,0.664361322,609.5977722,0.185577195,38.85271909,3.611252203,3271.142896,5.019894409,2.819905721,6.88E-05,14.94941967,276577.7244,6.57E+07,0,0.134034298,19.42635955,0,0,0
2015040117594700626-.bmp,0.005395769,13.02902321,0.987276599,512.0102274,0.337241445,32.11482786,4.341502135,2806.369508,6.115404104,2.05434303,9.72E-05,2.592723005,347508.8169,8.98E+07,0,0.023731742,16.05741393,0,0,0,0.038553253,1347.490812,0.209662253,852.4778287,0.205840887,51.17005086,3.206400923,4362.932218,4.456353024,2.69412048,7.38E-05,26.88973005,125713.752,2.35E+07,0,0.165489697,25.58502543,0,0,0
2015040117594700640-.bmp,0.00674581,10.75660211,0.985877889,380.8425823,0.354992111,27.95581964,4.189133243,2077.469109,5.886798617,1.97466314,1.01E-04,2.378400496,213875.1994,4.80E+07,0,0.029662233,13.97790982,0,0,0,0.02732578,862.0346114,0.312766734,627.1775933,0.18109355,46.77264606,3.419355067,3526.183602,4.810205649,2.791255501,6.93E-05,21.81276082,96599.4272,1.75E+07,0,0.135217788,23.38632303,0,0,0
2015040117594700684-.bmp,0.003328599,16.4607753,0.989133533,757.4115375,0.320851967,43.28350613,4.678363529,4503.54241,6.54336268,2.137809686,9.42E-05,2.841878586,521935.2001,1.45E+08,0,0.015111502,21.64175306,0,0,0,0.020967589,874.2797437,0.504046618,881.4132297,0.162848394,54.4904897,3.642121737,5236.929699,5.127287049,2.863360467,6.63E-05,22.1284657,249071.6379,5.27E+07,0,0.114756129,27.24524485,0,0,0
2015040117594700708-.bmp,0.008826469,9.59192097,0.989155386,442.2435337,0.391908333,29.04338811,4.19395358,2376.87661,5.774318838,1.897054555,1.06E-04,2.151851852,257057.1784,6.15E+07,0,0.033884324,14.52169405,0,0,0,0.022625679,251.9463322,0.837770569,776.5124084,0.186348896,39.64741458,3.901533112,4131.871343,5.393954937,2.899126158,6.65E-05,11.63398865,447439.1138,1.05E+08,0,0.12402517,19.82370729,0,0,0
2015040117594700710-.bmp,0.007204874,8.870308425,0.986462315,327.6154177,0.389528497,28.64637128,4.236945682,1897.411421,5.827848572,1.873722095,1.07E-04,2.112235915,152644.3952,3.37E+07,0,0.024220788,14.32318564,0,0,0,0.026790139,370.5999544,0.612445284,478.1259768,0.190043912,35.6575313,3.530178164,2574.070772,4.995960042,2.760019873,6.96E-05,14.17391106,186651.1073,4.37E+07,0,0.135048252,17.82876565,0,0,0
2015040117594700712-.bmp,0.007180812,11.75651734,0.990075486,592.2968732,0.388974231,33.83880086,4.363737383,3226.210343,5.976021389,1.943591738,1.05E-04,2.26788928,391112.2957,1.03E+08,0,0.022763432,16.91940043,0,0,0,0.018238137,230.0969516,0.771791224,504.1369482,0.172850728,34.88792058,3.859093698,2749.238939,5.404872431,2.913856003,6.48E-05,11.32230373,252211.4704,5.88E+07,0,0.106426056,17.44396029,0,0,0
2015040117594700732-.bmp,0.003652477,19.84734611,0.973772046,378.3624512,0.271944874,34.18930621,4.466957772,2377.020455,6.461986611,2.279807103,8.49E-05,3.355183881,194225.6813,4.95E+07,0,0.026258477,17.0946531,0,0,0,0.045136918,782.6663993,0.28499628,547.3163124,0.222678626,38.9497457,3.135000154,2689.294849,4.364792277,2.624484695,7.67E-05,20.27515649,104165.8495,1.95E+07,0,0.182854069,19.47487285,0,0,0
2015040117594700783-.bmp,0.004390383,12.21375848,0.983298903,365.6573718,0.333413585,31.39738524,4.353588367,2181.782678,6.149536311,2.030079292,9.79E-05,2.553527647,216880.8708,5.59E+07,0,0.015101721,15.69869262,0,0,0,0.029824008,490.0097353,0.503409874,493.3744242,0.192094144,36.88959963,3.43700963,2602.56374,4.802293305,2.780721698,7.00E-05,16.33450052,170260.3835,3.87E+07,0,0.142905582,18.44479982,0,0,0
2015040117594700806-.bmp,0.003041541,22.87289058,0.982167737,641.3344929,0.262816351,41.29396518,4.641881602,3885.840312,6.700621743,2.338421616,8.32E-05,3.555656625,379488.1952,9.71E+07,0,0.021671231,20.64698259,0,0,0,0.021140734,294.2228938,0.686837312,469.7604559,0.177747178,36.24643975,3.744733698,2641.179826,5.285716067,2.88575459,6.68E-05,12.75243219,193493.4267,4.47E+07,0,0.118632629,18.12321987,0,0,0
2015040117594700881-.bmp,0.005755627,17.21970201,0.982965082,505.4236834,0.323063988,33.4756162,4.383627731,2850.818824,6.219250161,2.162888129,9.32E-05,2.891780777,294923.5707,7.45E+07,0,0.027813641,16.7378081,0,0,0,0.025076494,291.0645475,0.588169754,353.3792748,0.187118073,31.78281821,3.425043207,1926.615955,5.040548444,2.69861337,7.32E-05,12.5892084,106259.966,2.02E+07,0,0.129297079,15.8914091,0,0,0
2015040117594700889-.bmp,0.006632623,8.170976787,0.985500648,281.7704147,0.395733058,28.84469875,4.272238587,1722.71648,5.843397659,1.847890411,1.08E-04,2.049752217,117220.4318,2.58E+07,0,0.021064815,14.42234937,0,0,0,0.013562346,280.353257,0.766700553,600.8442382,0.153346766,41.3740969,4.03285465,3517.392068,5.666009655,2.993937562,6.18E-05,12.61864567,270236.5136,6.11E+07,0,0.088996479,20.68704845,0,0,0
2015040117594701008-.bmp,0.004874881,17.30501435,0.984271929,550.1315001,0.310155937,36.05468179,4.466063403,3181.061798,6.344583792,2.182796262,9.14E-05,2.97100939,290615.5726,6.58E+07,0,0.024618545,18.0273409,0,0,0,0.029079964,518.7836235,0.474693684,493.7915346,0.190505615,38.8876728,3.502757693,2708.474732,4.874650326,2.80737988,6.94E-05,16.7690043,115194.5542,2.00E+07,0,0.14191445,19.4438364,0,0,0
2015040117594701026-.bmp,0.005480128,16.8769301,0.987863088,695.2728104,0.317670861,36.32317423,4.410773216,3782.61565,6.255633575,2.15479347,9.33E-05,2.888621544,459626.9444,1.20E+08,0,0.021531038,18.16158712,0,0,0,0.019379243,334.9871414,0.668437333,505.1641432,0.169311241,38.35344288,3.792315658,2880.140946,5.312297843,2.905968729,6.50E-05,13.66032864,184171.7131,3.90E+07,0,0.110520996,19.17672144,0,0,0
2015040117594701032-.bmp,0.003300591,14.47023996,0.988245355,615.5115547,0.325980624,41.80419275,4.661464977,3827.158205,6.496671882,2.097046114,9.55E-05,2.722078769,376804.7754,9.58E+07,0,0.013386802,20.90209637,0,0,0,0.028246049,918.00491,0.43934413,818.6883967,0.184964171,51.81228482,3.495421575,4691.267951,4.908906775,2.795725889,6.96E-05,22.36013302,189562.2305,3.83E+07,0,0.140434272,25.90614241,0,0,0
2015040117594701051-.bmp,0.007071991,9.315646192,0.988188726,394.3540104,0.384522119,28.83550143,4.230460046,2173.508457,5.839662501,1.893692974,1.06E-04,2.16001891,235779.6052,5.76E+07,0,0.025560772,14.41775072,0,0,0,0.047384083,526.1182251,0.449225248,477.6165058,0.231996573,34.35438837,3.219663248,2353.718907,4.419432878,2.652300155,7.69E-05,16.47987741,134647.0314,2.60E+07,0,0.189788732,17.17719418,0,0,0
2015040117594701070-.bmp,0.007075889,8.245142149,0.987337259,325.5670455,0.400718901,28.1163928,4.233909026,1864.396071,5.783299204,1.837141976,1.09E-04,2.026147626,190485.1589,5.00E+07,0,0.022215702,14.0581964,0,0,0,0.027279539,776.6370566,0.450793877,707.0542591,0.180864633,47.09104721,3.494428278,3952.245162,4.889928263,2.809885073,6.88E-05,20.6708529,181637.4408,3.62E+07,0,0.135501435,23.5455236,0,0,0
2015040117594701071-.bmp,0.003443002,25.15681729,0.976906617,544.6758756,0.256274026,37.60768453,4.531497047,3247.580864,6.597721471,2.374881415,8.18E-05,3.69331964,303590.2547,7.22E+07,0,0.022346114,18.80384227,0,0,0,0.030409361,741.5017508,0.357456416,577.005023,0.189491245,43.07207551,3.392740565,3140.967963,4.748255629,2.775383431,7.03E-05,20.1090669,113580.7373,2.21E+07,0,0.14461724,21.53603775,0,0,0
2015040118274500112-.bmp,0.005186073,10.21709051,0.990520424,538.9001902,0.401871549,38.67728873,4.553801902,3309.796024,6.146899218,1.901272037,1.08E-04,2.155646844,317626.7563,7.93E+07,0,0.019480308,19.33864437,0,0,0,0.005964639,124.0595005,0.896276379,598.0291604,0.154124749,40.98514606,4.539204105,3596.363826,6.485977344,3.095859279,5.68E-05,8.438530256,305886.7675,7.15E+07,0,0.053733046,20.49257303,0,0,0
2015040118274500229-.bmp,0.00860177,7.771912493,0.992525761,519.9132734,0.438846398,32.51533972,4.333647225,2866.088973,5.780488793,1.775113543,1.14E-04,1.86087963,336739.2852,8.87E+07,0,0.030040428,16.25766986,0,0,0,0.018416008,357.5344875,0.711592071,619.8416406,0.165177237,40.23047079,3.809865057,3448.292597,5.337290591,2.924015143,6.45E-05,14.14548774,309478.2849,7.62E+07,0,0.106706442,20.11523539,0,0,0
2015040118274500237-.bmp,0.0212608,8.962216354,0.994288148,784.5280036,0.558644161,32.19866002,4.166874879,3914.930776,5.272425243,1.621962563,1.29E-04,1.544310772,646468.0791,1.97E+08,0,0.084226656,16.09933001,0,0,0,0.011905584,136.4067879,0.82178731,382.7078429,0.17150526,32.16013954,4.165128304,2178.145238,5.84800659,3.031551262,6.04E-05,8.775697705,173650.7655,3.91E+07,0,0.083535472,16.08006977,0,0,0
2015040118274500277-.bmp,0.006880591,9.096429969,0.988161376,384.1844326,0.415771575,31.09560185,4.341069839,2243.446284,5.873966457,1.851426186,1.10E-04,2.03243675,221281.3197,5.60E+07,0,0.023796948,15.54780093,0,0,0,0.012408001,191.5923252,0.847329988,627.4720325,0.161179889,38.9903169,4.179203134,3530.109447,5.851322329,3.024004527,6.08E-05,10.38743479,339443.1833,8.11E+07,0,0.085247131,19.49515845,0,0,0
2015040118274500322-.bmp,0.01479984,5.451336724,0.994752402,519.4125816,0.538465491,29.81162624,4.193306661,2728.497288,5.333354701,1.570689397,1.28E-04,1.421348461,346931.2349,8.99E+07,0,0.059709181,14.90581312,0,0,0,0.005825416,120.5129206,0.851158509,404.8364451,0.154366516,37.9556175,4.478593155,2619.544019,6.436322456,3.086185596,5.69E-05,8.357664971,149785.4085,3.15E+07,0,0.053504825,18.97780875,0,0,0
2015040118274500329-.bmp,0.017807034,4.854365545,0.99297563,345.5374121,0.547124282,24.73839006,4.02873709,1806.185009,5.134891328,1.512498276,1.31E-04,1.3325476,225677.6197,5.89E+07,0,0.069144497,12.36919503,0,0,0,0.014376776,73.45129108,0.870253047,283.0559394,0.214320561,24.74486828,4.018328603,1488.361914,5.780867047,2.867738881,6.39E-05,6.365877673,144709.3626,3.44E+07,0,0.093838028,12.37243414,0,0,0
2015040118274500349-.bmp,0.014331569,4.764410537,0.993616324,373.1713683,0.539547676,27.00615545,4.112660422,2012.033177,5.246202462,1.529251061,1.30E-04,1.361874022,222613.9146,5.51E+07,0,0.045213876,13.50307773,0,0,0,0.003685349,78.42631716,0.937187921,624.2932787,0.169947459,41.11909233,4.634887005,3749.844036,6.946839496,2.93781757,6.02E-05,6.708900626,334659.3992,8.04E+07,0,0.03922796,20.55954617,0,0,0
2015040118274500369-.bmp,0.007097566,8.537845592,0.990074602,430.1009133,0.428979232,31.77439358,4.332254165,2464.936823,5.830248975,1.806652794,1.13E-04,1.937421753,268287.3158,6.77E+07,0,0.026167188,15.88719679,0,0,0,0.008299735,88.0431175,0.852303769,298.0547207,0.181514106,28.28078704,4.184147103,1684.823822,6.076393994,2.965287478,5.99E-05,7.116285211,134494.6331,2.90E+07,0,0.064283385,14.14039352,0,0,0
2015040118274500406-.bmp,0.013924308,6.124687011,0.993546712,474.5400473,0.524040547,29.78532864,4.217830549,2545.732461,5.409128017,1.610337615,1.26E-04,1.500006521,293509.8906,7.09E+07,0,0.057061815,14.89266432,0,0,0,0.004447143,46.14896322,0.940086885,385.132398,0.203043727,32.74472483,4.402053094,2297.68767,6.63761177,2.686314084,6.86E-05,5.146218049,181339.2422,4.21E+07,0,0.038429186,16.37236242,0,0,0
2015040118274500463-.bmp,0.013700723,5.540424491,0.992889584,389.5991594,0.517365192,26.40135955,4.101555223,2050.137486,5.306281737,1.588775576,1.26E-04,1.473959963,268040.9554,7.31E+07,0,0.05000326,13.20067977,0,0,0,0.006734591,74.24009846,0.920188464,465.096288,0.186764362,32.25690858,4.338568264,2565.57878,6.414885565,2.905115034,6.14E-05,6.4913765,273021.4461,6.87E+07,0,0.057283516,16.12845429,0,0,0
2015040118274500523-.bmp,0.008678369,8.071172405,0.991006634,448.7292315,0.442488948,30.23236176,4.276273094,2460.564293,5.713061185,1.776757876,1.14E-04,1.864756129,288942.4784,7.49E+07,0,0.030082812,15.11618088,0,0,0,0.008652945,206.0225613,0.799192308,512.9847346,0.146240758,41.9605699,4.306692123,3263.730889,6.082048731,3.0805111,5.85E-05,10.8925013,191646.9946,4.11E+07,0,0.068577204,20.98028495,0,0,0
2015040118274500650-.bmp,0.006480573,10.41397366,0.992004791,651.263345,0.414066232,39.66522561,4.576866321,3825.832364,6.127308424,1.898148057,1.08E-04,2.128240741,388985.5185,9.69E+07,0,0.029251435,19.83261281,0,0,0,0.027931983,349.4174394,0.704317799,590.8665413,0.195851286,38.25832355,3.696391351,3208.575884,5.111296798,2.844130098,6.88E-05,13.65576748,240222.1471,4.94E+07,0,0.141180882,19.12916178,0,0,0
2015040118274500677-.bmp,0.020616392,4.625342332,0.993611111,361.9833112,0.566686669,24.33202595,3.97105696,1857.876961,5.020174697,1.483423617,1.33E-04,1.275029343,245001.8616,6.63E+07,0,0.074709833,12.16601298,0,0,0,0.006429912,89.53011541,0.882607212,381.3271552,0.175123227,32.93430164,4.369696681,2251.715162,6.38170165,2.982487915,5.92E-05,7.182880151,188330.7205,4.50E+07,0,0.056559729,16.46715082,0,0,0
2015040118274500745-.bmp,0.025420163,3.813285733,0.992972236,271.3014983,0.584661627,19.32714202,3.703515346,1325.490418,4.683292289,1.391361911,1.38E-04,1.151118284,190457.6164,5.23E+07,0,0.081422796,9.663571009,0,0,0,0.012754372,34.96697966,0.910370333,195.0636481,0.246754515,19.45076943,3.798173441,990.2913741,5.719016372,2.548403943,7.39E-05,4.387728221,108270.6005,2.70E+07,0,0.079808946,9.725384716,0,0,0
2015040118274500752-.bmp,0.014114247,6.186554512,0.992484402,411.5810032,0.502624482,28.09841549,4.162768686,2213.052646,5.416353165,1.643878466,1.23E-04,1.564475743,249718.2071,6.20E+07,0,0.059533125,14.04920775,0,0,0,0.006448355,51.54625065,0.942606339,449.0587415,0.206567083,32.79988263,4.375955595,2552.608343,6.586514468,2.73509321,6.72E-05,5.365655973,242584.0649,6.07E+07,0,0.056002217,16.39994131,0,0,0
2015040118274500784-.bmp,0.007472138,8.687059859,0.989260344,404.4384508,0.417815135,31.2648898,4.316192874,2335.299009,5.840742131,1.832046269,1.11E-04,1.994330334,217944.6667,5.25E+07,0,0.024383803,15.6324449,0,0,0,0.028520373,1011.289375,0.31195932,734.9052203,0.181897176,50.0126728,3.355621906,4105.211905,4.769176847,2.76265523,7.08E-05,23.62988719,126743.6342,2.39E+07,0,0.138240089,25.0063364,0,0,0
2015040118274500795-.bmp,0.025604956,7.624804382,0.992679395,520.7769419,0.572328977,24.92578247,3.908773158,2517.197644,4.957317993,1.55779622,1.32E-04,1.428299426,467460.1442,1.58E+08,0,0.094692227,12.46289124,0,0,0,0.009136303,75.96153821,0.898195242,373.0745985,0.195034938,28.81419862,4.205319582,2021.933783,6.165574552,2.907873724,6.17E-05,6.534490741,207999.3209,4.94E+07,0,0.071328899,14.40709931,0,0,0
2015040118274500817-.bmp,0.005824448,10.57818532,0.987256054,415.0278712,0.400980708,33.888527,4.423672962,2517.710923,6.020973411,1.907982035,1.07E-04,2.171847287,229576.0734,5.60E+07,0,0.020129108,16.9442635,0,0,0,0.008695547,340.8133086,0.739444178,654.0120761,0.13239566,49.23828899,4.200528814,4303.634838,5.970309585,3.056358086,5.90E-05,14.04915884,245586.6868,5.47E+07,0,0.067116588,24.6191445,0,0,0
2015040118274500824-.bmp,0.012012446,5.989315989,0.992008162,374.7145443,0.501420001,27.95216158,4.175582489,2058.194574,5.428727234,1.619622771,1.24E-04,1.537679317,231484.1104,6.11E+07,0,0.039237741,13.97608079,0,0,0,0.007319224,173.7251011,0.844589193,558.9222022,0.142603593,41.5071368,4.364956528,3441.505263,6.20008439,3.116964065,5.78E-05,10.05692814,245165.7572,5.39E+07,0,0.059314684,20.7535684,0,0,0
2015040118274500848-.bmp,0.013976459,6.800903104,0.989566271,325.9095184,0.513178035,24.72410994,4.033878833,1724.922834,5.261253265,1.615182774,1.26E-04,1.542830595,198192.2688,4.77E+07,0,0.047857981,12.36205497,0,0,0,0.011543216,319.9228058,0.740973797,617.549118,0.145894001,45.54801448,4.120590702,3866.505107,5.818386035,3.0340476,6.05E-05,13.48546231,225811.2791,4.59E+07,0,0.08211072,22.77400724,0,0,0
2015040118274500879-.bmp,0.013609071,4.44300013,0.993337853,333.4510569,0.507146105,25.28583399,4.038537337,1780.808842,5.257725159,1.550150397,1.26E-04,1.419473787,201769.7783,5.19E+07,0,0.046785342,12.64291699,0,0,0,0.008459254,93.08576552,0.920711759,587.0086427,0.183877033,34.98743479,4.371327931,3192.294805,6.286818815,2.988962675,5.96E-05,7.238158581,364601.8483,8.96E+07,0,0.068247913,17.4937174,0,0,0
2015040118495300002-.bmp,0.02182938,7.530610981,0.992115566,477.5619152,0.509177936,23.64334572,3.812362846,2295.984932,5.036794083,1.642004391,1.25E-04,1.596742958,371110.1277,1.03E+08,0,0.068955399,11.82167286,0,0,0,0.015655999,86.04766562,0.826707571,248.2730091,0.209346452,23.36809468,3.917598256,1285.366182,5.583486327,2.902220948,6.38E-05,6.895018258,120575.5894,2.73E+07,0,0.097470005,11.68404734,0,0,0
2015040118495300012-.bmp,0.016468652,7.687966223,0.991618834,458.6453696,0.494792717,26.40310055,4.015448256,2328.100487,5.299289507,1.68877254,1.22E-04,1.669767214,334130.0569,9.24E+07,0,0.055773996,13.20155027,0,0,0,0.010919789,29.42355569,0.909893597,163.2711695,0.253455669,19.67592267,3.830906542,874.7256581,5.723155013,2.465543753,7.70E-05,4.031562989,67941.01302,1.41E+07,0,0.06605699,9.837961333,0,0,0
2015040118495300041-.bmp,0.031106754,2.996514737,0.993798881,241.6108169,0.628677076,18.65662167,3.667157884,1188.130778,4.514815574,1.292781451,1.44E-04,0.990339724,149567.7495,3.66E+07,0,0.103550469,9.328310837,0,0,0,0.013572096,116.1836528,0.838336064,359.3369541,0.181896217,28.96153495,4.0748927,1940.509126,5.72707194,2.983603583,6.16E-05,8.090473396,198024.6818,5.12E+07,0,0.089508346,14.48076748,0,0,0
2015040118495300077-.bmp,0.01214907,6.429945879,0.993197301,472.6025467,0.506513929,29.25955595,4.197302752,2512.096776,5.443787843,1.632154751,1.24E-04,1.55808229,309496.2882,7.57E+07,0,0.041464528,14.62977797,0,0,0,0.00333335,118.6930914,0.90984166,658.2479875,0.146299085,46.96438119,4.750968529,4296.271067,6.894807179,3.118957797,5.50E-05,8.34170253,308332.7282,7.23E+07,0,0.036000261,23.4821906,0,0,0
2015040118495300129-.bmp,0.010784543,7.893081638,0.992055335,496.7535655,0.455359432,29.02023344,4.170726362,2596.619182,5.573113928,1.754091241,1.16E-04,1.813771518,354023.5464,9.81E+07,0,0.034568988,14.51011672,0,0,0,0.01532591,166.0588191,0.865470978,617.1858552,0.175804849,35.88540363,3.957272165,3322.09018,5.724168731,2.901248574,6.69E-05,9.552468049,356717.5398,8.44E+07,0,0.09773409,17.94270181,0,0,0
2015040118495300142-.bmp,0.035646037,2.959422274,0.995672667,341.9452963,0.632179382,18.68270736,3.574633066,1593.075672,4.406595745,1.291136852,1.44E-04,0.98480699,323601.0149,1.13E+08,0,0.111287167,9.341353678,0,0,0,0.016044728,73.5754434,0.850816427,246.5936497,0.216066842,22.59377282,3.896707316,1262.379414,5.579910862,2.858381316,6.43E-05,6.394979134,124377.5653,2.82E+07,0,0.099214267,11.29688641,0,0,0
2015040118495300189-.bmp,0.014142164,5.375153234,0.992571052,361.7708345,0.519542847,25.19022235,4.044139024,1888.865025,5.232788815,1.564190497,1.27E-04,1.438487872,259357.9726,7.52E+07,0,0.047078769,12.59511118,0,0,0,0.011109509,139.7441738,0.784748323,324.6064688,0.166121367,30.81021453,4.100280901,1872.102256,5.795196598,3.026798436,6.04E-05,8.936649061,150881.8144,3.68E+07,0,0.078830856,15.40510726,0,0,0
2015040118541300169-.bmp,0.018131747,3.235957877,0.994116273,274.9921772,0.574711583,22.44386085,3.94149192,1439.070407,4.948846115,1.397245229,1.36E-04,1.147942749,189892.169,5.36E+07,0,0.061932707,11.22193043,0,0,0,0.006987979,162.3226721,0.885748625,710.375138,0.146873103,43.59701356,4.496147898,4208.055575,6.330239342,3.131915483,5.68E-05,9.670461659,402606.9128,9.89E+07,0,0.059833073,21.79850678,0,0,0
2015040118541300190-.bmp,0.009510088,7.580053469,0.991319937,436.635845,0.465587054,29.57949922,4.247773487,2380.659655,5.617520131,1.720449476,1.18E-04,1.747072248,290615.6043,7.71E+07,0,0.034327726,14.78974961,0,0,0,0.009483731,137.2243838,0.782910279,316.0545395,0.160694558,32.1140356,4.181827478,1907.202025,5.924534903,3.042319426,5.95E-05,8.897205921,120016.4643,2.47E+07,0,0.071055034,16.0570178,0,0,0
2015040118541300220-.bmp,0.018408961,4.608180099,0.991927405,285.421227,0.540978092,21.98567097,3.866394123,1465.384922,4.985640474,1.501304736,1.31E-04,1.330878326,175114.3141,4.40E+07,0,0.056002217,10.99283549,0,0,0,0.01372884,171.1101591,0.7925049,412.3233729,0.167764467,33.73694575,4.022445475,2361.134859,5.719057932,2.991838016,6.30E-05,9.800978091,153843.1284,2.86E+07,0,0.090594027,16.86847287,0,0,0
2015040118541300277-.bmp,0.026022654,3.841943792,0.991264079,219.8934704,0.60747737,18.8773898,3.729182206,1105.200131,4.648383152,1.354787604,1.40E-04,1.085181925,158799.2359,4.89E+07,0,0.091950313,9.438694901,0,0,0,0.016245686,291.2854134,0.75204134,587.366889,0.164775476,41.30524909,3.991999502,3450.460737,5.588485746,2.969291052,6.31E-05,12.72165493,238010.4943,5.16E+07,0,0.101532342,20.65262454,0,0,0
2015040118541300279-.bmp,0.016023993,5.707280256,0.993096924,413.386754,0.529498243,25.65994066,4.047768152,2114.925737,5.218723712,1.579645892,1.27E-04,1.44892736,296474.9326,8.00E+07,0,0.05970266,12.82997033,0,0,0,0.009725065,112.4847711,0.865098301,416.9138403,0.171975896,32.53798579,4.260849953,2354.767001,6.048092197,3.022796917,5.95E-05,8.001718179,207627.0078,4.67E+07,0,0.073333985,16.26899289,0,0,0
2015040118541300350-.bmp,0.012877448,5.906452139,0.991969552,367.7535717,0.514375949,28.65038798,4.196224094,2063.113966,5.421514073,1.609013885,1.25E-04,1.504052556,209891.1203,5.33E+07,0,0.045738785,14.32519399,0,0,0,0.004119488,64.87482068,0.938339153,526.0617082,0.183796043,38.6396355,4.579651597,3199.454515,6.966530072,2.848094402,6.33E-05,6.064192097,244782.0143,5.45E+07,0,0.044816119,19.31981775,0,0,0
2015040118541300357-.bmp,0.016053056,6.312767345,0.992006914,394.8892544,0.506882152,25.23001435,3.99946932,2023.980292,5.231739458,1.626513439,1.24E-04,1.547209181,254798.6679,6.45E+07,0,0.057896453,12.61500717,0,0,0,0.014155971,62.45431012,0.902510477,320.3129347,0.221272358,23.93645018,3.967837702,1617.542913,5.796955108,2.810194473,6.52E-05,5.857583464,183534.4409,4.43E+07,0,0.092227439,11.96822509,0,0,0
2015040119191900091-.bmp,0.007056396,5.967247001,0.994187688,513.3281649,0.496861865,39.69915232,4.599668622,3279.319169,5.877930191,1.655281327,1.21E-04,1.575515128,300842.4673,8.16E+07,0,0.02866458,19.84957616,0,0,0,0.048495575,704.7609514,0.31152356,511.8264843,0.231160782,36.70317879,3.131740896,2469.586429,4.317088963,2.630620189,7.73E-05,19.12463159,112310.4537,2.36E+07,0,0.191412363,18.3515894,0,0,0
2015040119191900104-.bmp,0.022154372,2.586913146,0.992574083,174.1813906,0.598264488,19.38026213,3.773819257,937.6997084,4.706513773,1.30555481,1.41E-04,1.027921231,105504.8609,3.19E+07,0,0.070344288,9.690131064,0,0,0,0.054983176,1598.740878,0.126690435,915.3345737,0.240010962,49.59687011,2.950312932,4238.498714,4.107487874,2.540170902,8.01E-05,28.72031168,122847.0782,2.31E+07,0,0.204887194,24.79843505,0,0,0
2015040119191900130-.bmp,0.005341442,9.690633151,0.994132746,825.82354,0.406377841,46.31222939,4.715286444,5023.90919,6.294254843,1.89063614,1.08E-04,2.119649844,502184.6977,1.30E+08,0,0.022290689,23.1561147,0,0,0,0.051084482,930.7141562,0.217101734,594.4030004,0.233923124,39.75740741,3.057794649,2793.759422,4.203217752,2.61250693,7.82E-05,21.984494,106031.5511,2.10E+07,0,0.196035472,19.8787037,0,0,0
2015040119191900134-.bmp,0.00856291,4.029825248,0.992165227,257.1756215,0.521200993,31.18330073,4.351289234,1744.629502,5.533773597,1.529238339,1.27E-04,1.361150235,122000.5869,3.30E+07,0,0.029991523,15.59165037,0,0,0,0.048894495,1011.470478,0.248143454,672.6485817,0.230466252,43.01655908,3.089815622,3273.268692,4.293452388,2.606545046,7.78E-05,22.92002804,120783.2926,2.36E+07,0,0.192419797,21.50827954,0,0,0
2015040119191900142-.bmp,0.013084204,3.846954877,0.993300097,287.0903289,0.541832548,25.40991132,4.093514142,1598.903149,5.210415169,1.46820081,1.31E-04,1.274850026,177903.6445,4.93E+07,0,0.040323422,12.70495566,0,0,0,0.017734985,259.2750978,0.671524888,394.6647533,0.169521361,35.10946792,3.846732929,2296.742514,5.394204879,2.92355877,6.43E-05,12.0636085,126537.4575,2.48E+07,0,0.105676187,17.55473396,0,0,0
2015040119191900143-.bmp,0.006900196,7.670618153,0.993355612,577.2253005,0.440321469,35.16520605,4.414490225,3246.837108,5.866535566,1.755492515,1.15E-04,1.836052426,417769.502,1.13E+08,0,0.023754564,17.58260303,0,0,0,0.057272926,1102.461812,0.231235024,717.0343644,0.246233191,42.41973461,2.993558632,3320.098998,4.127847583,2.557250818,8.10E-05,23.63651865,136095.2193,2.66E+07,0,0.21056012,21.20986731,0,0,0
2015040119191900164-.bmp,0.007660973,6.739136672,0.991987046,420.5151055,0.446693974,31.59925013,4.317196399,2419.631741,5.740828199,1.723440283,1.16E-04,1.764527908,239463.1641,5.51E+07,0,0.026763824,15.79962507,0,0,0,0.041987848,1398.254212,0.215218535,890.8557827,0.212741805,51.41278039,3.123649488,4497.009081,4.393405739,2.626475186,7.55E-05,27.29207094,144913.9541,2.86E+07,0,0.174729395,25.70639019,0,0,0
2015040119191900179-.bmp,0.008890648,5.33491784,0.991870387,328.1163366,0.474290915,28.58799557,4.214711059,1901.187426,5.545011116,1.631542554,1.21E-04,1.580209963,203189.1348,5.42E+07,0,0.030881586,14.29399778,0,0,0,0.057952327,1226.5683,0.200653134,767.2315688,0.247215122,44.2984644,2.958023908,3551.389995,4.101865429,2.527838424,8.11E-05,24.99343701,137130.8575,2.76E+07,0,0.211994653,22.1492322,0,0,0
2015040119191900205-.bmp,0.012065245,6.629649191,0.992608949,448.4916547,0.516487249,29.45903756,4.209002545,2424.901238,5.43161765,1.604584461,1.26E-04,1.521517997,304500.9793,8.04E+07,0,0.043785863,14.72951878,0,0,0,0.051907017,455.7010824,0.264330485,309.718612,0.241462589,28.54896322,3.026983278,1434.544826,4.208793868,2.566610019,7.91E-05,15.29793297,56489.18706,1.15E+07,0,0.198412233,14.27448161,0,0,0
2015040119191900231-.bmp,0.003756138,10.3336398,0.991184442,586.1024505,0.380603181,44.30711398,4.710514934,3901.966818,6.366001321,1.925262017,1.05E-04,2.236547992,326794.278,8.13E+07,0,0.013393323,22.15355699,0,0,0,0.048679658,1052.725685,0.22183871,676.4186923,0.229304254,43.02571075,3.093843885,3247.503076,4.262528067,2.627984077,7.74E-05,23.40907668,120466.9792,2.48E+07,0,0.191027647,21.51285537,0,0,0
2015040119191900253-.bmp,0.008693543,5.174416406,0.993947615,427.4691875,0.495547802,32.57259064,4.36887127,2500.15212,5.636508776,1.609022659,1.23E-04,1.515007173,278855.1367,7.76E+07,0,0.030829421,16.28629532,0,0,0,0.036680055,477.5000098,0.331861536,357.3361176,0.208561674,33.17776148,3.286025733,1845.360326,4.570935393,2.715713148,7.28E-05,16.01125782,58115.16677,9573647.943,0,0.161766432,16.58888074,0,0,0
2015040119191900270-.bmp,0.009056199,6.113067293,0.992812158,425.2366194,0.51142439,33.58875848,4.414349345,2545.979559,5.662817357,1.642130756,1.23E-04,1.545696401,285103.4741,8.86E+07,0,0.03372457,16.79437924,0,0,0,0.041654615,879.9807316,0.240240945,579.1182918,0.214788139,41.72672144,3.136225663,2925.7188,4.421812592,2.640612962,7.65E-05,21.62701487,82939.01474,1.38E+07,0,0.174318597,20.86336072,0,0,0
2015040119191900308-.bmp,0.021776885,2.998464397,0.994186778,257.9003896,0.608982771,21.51500065,3.873613854,1339.821622,4.779399824,1.323183454,1.41E-04,1.039863719,166384.2448,4.27E+07,0,0.071834246,10.75750033,0,0,0,0.050465053,675.9134911,0.219592638,433.0517135,0.235195023,34.39937402,3.060960035,2038.389554,4.224806842,2.603809645,7.83E-05,18.69497261,61372.69618,9798000.431,0,0.194858503,17.19968701,0,0,0
2015040119191900328-.bmp,0.003133675,12.66359546,0.990011794,633.9274109,0.339733636,46.49949791,4.76386358,4264.909221,6.568441435,2.040814796,9.85E-05,2.561384977,307060.7772,6.92E+07,0,0.013152061,23.24974896,0,0,0,0.046968812,749.0040786,0.20690708,472.2044922,0.226149028,36.51631781,3.064340229,2258.848694,4.267978723,2.599254823,7.76E-05,19.81959116,71598.05535,1.32E+07,0,0.186257825,18.25815891,0,0,0
2015040119191900343-.bmp,0.006433898,8.599696792,0.991729503,519.9020626,0.42793821,36.08910733,4.463492262,3071.188082,5.95599445,1.804379145,1.13E-04,1.939146453,300912.9344,7.11E+07,0,0.023793688,18.04455366,0,0,0,0.04739102,1061.938609,0.18077882,648.1391315,0.225597939,43.00774648,3.091094305,3123.957038,4.267240243,2.634525841,7.69E-05,23.62277647,87889.04767,1.53E+07,0,0.187698878,21.50387324,0,0,0
2015040119191900349-.bmp,0.006821032,6.015916797,0.991948191,373.5754734,0.453042516,33.26388889,4.420810013,2320.209176,5.822090477,1.695617014,1.17E-04,1.701564945,182693.1289,4.45E+07,0,0.023099244,16.63194444,0,0,0,0.05080196,573.6452628,0.238777953,376.7923335,0.237553392,32.08977243,2.831734416,1789.55686,4.229051901,2.344399847,8.39E-05,17.23870305,59495.34232,1.05E+07,0,0.196306077,16.04488622,0,0,0
2015040119191900359-.bmp,0.004513441,9.385054773,0.990025777,470.4654595,0.382554239,37.8449987,4.545466261,2981.335644,6.184904841,1.894214961,1.06E-04,2.169001043,264242.8026,6.78E+07,0,0.015561424,18.92249935,0,0,0,0.058311128,656.3116947,0.184902132,402.5968662,0.250222331,32.36048839,2.944506542,1819.375758,4.06294485,2.537471535,8.12E-05,18.28846831,62226.94473,1.20E+07,0,0.212213093,16.1802442,0,0,0
2015040119191900369-.bmp,0.01780393,3.533453965,0.994423907,316.8395753,0.560963919,23.19860133,3.962717329,1633.844081,5.011714228,1.430238576,1.34E-04,1.205474048,234606.9474,6.87E+07,0,0.073102504,11.59930067,0,0,0,0.059581424,1122.018362,0.133054716,647.1102515,0.250447034,40.93624804,2.947028564,2909.603441,4.032932361,2.551057247,8.13E-05,23.8836724,84082.02274,1.50E+07,0,0.21486698,20.46812402,0,0,0
2015040119191900390-.bmp,0.009158809,6.974074074,0.992836965,486.8099902,0.459525804,31.32661059,4.258775998,2672.933556,5.644852223,1.715308945,1.18E-04,1.737741262,300332.7881,7.20E+07,0,0.030568597,15.66330529,0,0,0,0.042689027,622.4597353,0.327783106,462.9902496,0.219324586,35.80333855,2.946270598,2309.088177,4.423386693,2.388634774,8.14E-05,18.12659755,96023.54438,1.81E+07,0,0.176587767,17.90166927,0,0,0
2015040119191900396-.bmp,0.00653997,6.344891106,0.991504132,373.4104205,0.451067132,33.2586235,4.419123539,2319.013549,5.8290093,1.714883786,1.16E-04,1.734451617,202241.4775,5.15E+07,0,0.022796035,16.62931175,0,0,0,0.044448906,645.2079454,0.300906506,461.4604133,0.223078201,35.97407733,3.179966981,2276.087382,4.397983381,2.659683537,7.59E-05,18.38411255,81428.64229,1.46E+07,0,0.181618414,17.98703867,0,0,0
2015040119191900405-.bmp,0.021647705,2.259568988,0.993021023,161.8839664,0.622875223,19.85135303,3.828245498,902.0162716,4.686409047,1.249179249,1.44E-04,0.943495696,98879.23081,2.92E+07,0,0.070856155,9.925676513,0,0,0,0.047002771,1070.457111,0.196019366,665.7231939,0.225427638,43.5914091,3.106582719,3231.456832,4.289737438,2.639636766,7.67E-05,23.69772757,93593.69959,1.62E+07,0,0.187255477,21.79570455,0,0,0
2015040119191900429-.bmp,0.013450851,4.360292775,0.993860964,355.1284527,0.533049687,25.47127999,4.046589556,1875.170878,5.18843347,1.492549599,1.31E-04,1.327494131,247092.9469,6.49E+07,0,0.042119849,12.73564,0,0,0,0.048137148,568.2971701,0.300873271,406.4335882,0.232512926,33.36737089,3.11280756,1972.775785,4.317255273,2.620889018,7.77E-05,17.2213615,79074.39866,1.55E+07,0,0.190763563,16.68368545,0,0,0
2015040119191900449-.bmp,0.009682888,6.18824987,0.993941784,510.731988,0.459327356,29.51092201,4.198994791,2677.433362,5.572679736,1.686182131,1.18E-04,1.685732916,392797.8303,1.11E+08,0,0.030157799,14.75546101,0,0,0,0.055568736,1027.056433,0.199911431,641.8392116,0.243295946,40.95803665,2.993491976,2981.607066,4.122616902,2.563323957,8.03E-05,22.95483503,108930.4591,2.14E+07,0,0.206210876,20.47901832,0,0,0
2015040119191900470-.bmp,0.004920524,7.731025039,0.989484043,367.5854135,0.405207549,35.39118414,4.489307271,2417.536623,6.042222158,1.81498348,1.10E-04,1.978658059,194485.7267,5.14E+07,0,0.017931664,17.69559207,0,0,0,0.050587363,972.7102113,0.193219883,602.834769,0.232718362,40.83342462,3.024457788,2868.146838,4.208424605,2.582281932,7.85E-05,22.53587637,94624.19642,1.88E+07,0,0.195236698,20.41671231,0,0,0
2015040119191900487-.bmp,0.003643528,11.45968962,0.990348264,593.6595025,0.353350969,41.45988524,4.644661681,3718.539006,6.384275646,1.985605031,1.01E-04,2.414273605,363936.5034,9.45E+07,0,0.015678795,20.72994262,0,0,0,0.063799299,924.1535635,0.12111984,525.7563008,0.259060363,36.54048318,2.902470843,2310.387513,3.962711969,2.527603584,8.26E-05,21.56470722,62592.94113,1.05E+07,0,0.22381651,18.27024159,0,0,0
2015040119191900493-.bmp,0.00884791,6.38222483,0.99250529,425.7819788,0.48141614,30.66532994,4.278637966,2393.003204,5.59242382,1.645233086,1.22E-04,1.609793949,286581.1783,7.80E+07,0,0.029473135,15.33266497,0,0,0,0.054590589,1178.83987,0.175014951,714.4613537,0.240699041,43.63547535,3.019188887,3328.688271,4.143745416,2.587389439,7.95E-05,24.60952986,103718.9439,1.84E+07,0,0.204437272,21.81773768,0,0,0
2015040119191900496-.bmp,0.006328322,7.437979264,0.991514601,438.2810542,0.428879915,34.23377347,4.433779217,2633.725895,5.914297037,1.779965839,1.13E-04,1.880787037,247069.4638,6.28E+07,0,0.020402973,17.11688674,0,0,0,0.057868323,1801.487011,0.139444268,1046.699792,0.245234909,52.04636802,2.960463915,4794.738138,4.075608573,2.558255242,8.07E-05,30.31874022,157575.5998,3.14E+07,0,0.211587115,26.02318401,0,0,0
2015040119191900524-.bmp,0.00262748,16.33704356,0.989286921,762.4812666,0.310258206,49.79450965,4.846550694,5053.907037,6.748997284,2.152615812,9.31E-05,2.900795514,404831.4637,9.82E+07,0,0.00948748,24.89725483,0,0,0,0.065765868,1063.971381,0.091044198,585.2712415,0.261837813,38.40035863,2.867813925,2539.675318,3.912023748,2.510110647,8.33E-05,23.13546557,65920.75371,1.14E+07,0,0.227380021,19.20017932,0,0,0
2015040119191900534-.bmp,0.004631229,9.42080073,0.989422334,445.3156796,0.37523419,35.38139019,4.468325848,2727.459465,6.129158089,1.907660249,1.05E-04,2.206820553,262140.8196,6.55E+07,0,0.01616784,17.6906951,0,0,0,0.069457997,2059.537996,0.074407203,1112.550791,0.267432211,51.91905321,2.838199794,4799.59534,3.873670452,2.491108632,8.45E-05,31.9859807,139139.8812,2.63E+07,0,0.235517736,25.9595266,0,0,0
2015040119191900555-.bmp,0.005762524,6.254600287,0.991338921,361.0751335,0.457390105,37.04695162,4.525916528,2495.663657,5.925596358,1.702695153,1.17E-04,1.706439098,154931.1729,3.52E+07,0,0.019728091,18.52347581,0,0,0,0.062397386,1704.04093,0.079427559,925.5333175,0.253677338,48.5293036,2.880846248,4081.873999,3.960731616,2.515474132,8.24E-05,29.36159364,106703.0636,1.90E+07,0,0.220461659,24.2646518,0,0,0
2015040119191900564-.bmp,0.007102865,6.794956312,0.992755043,468.9438431,0.450475545,33.74342397,4.409523809,2729.458115,5.821867855,1.725107286,1.16E-04,1.758290949,304856.6713,8.08E+07,0,0.028208138,16.87171198,0,0,0,0.051450917,581.3718538,0.374291376,464.5707537,0.239263559,34.02309924,2.892711335,2246.012212,4.292010557,2.348571203,8.39E-05,17.30743023,116924.6152,2.35E+07,0,0.198513302,17.01154962,0,0,0
2015040119191900593-.bmp,0.007382628,6.21369001,0.993211662,457.673882,0.451030957,34.66237285,4.423377897,2738.878654,5.827503353,1.701004087,1.17E-04,1.71723722,255263.3305,6.51E+07,0,0.025596635,17.33118642,0,0,0,0.053161714,1505.533562,0.121913617,857.281009,0.236489977,48.19500522,2.99581233,3966.557512,4.128954141,2.587252664,7.91E-05,27.92333073,111142.8625,2.11E+07,0,0.200622718,24.09750261,0,0,0
2015040119191900607-.bmp,0.002479729,17.60177034,0.990462473,922.7638828,0.312880947,53.67160603,4.918116075,6050.356543,6.831337066,2.171746943,9.30E-05,2.949951095,572566.8776,1.56E+08,0,0.009898279,26.83580301,0,0,0,0.05340034,713.4890878,0.208118476,450.502421,0.240005344,34.58581442,2.998873439,2086.255437,4.15428313,2.561604967,7.97E-05,19.19045709,74778.44689,1.45E+07,0,0.201356286,17.29290721,0,0,0
2015040119191900611-.bmp,0.005559002,7.362336985,0.994163221,630.6849077,0.453672661,43.90235394,4.711190679,4051.324571,6.128089669,1.765240227,1.15E-04,1.813745436,321620.8155,7.35E+07,0,0.024334898,21.95117697,0,0,0,0.066714167,779.632753,0.116516487,441.2265434,0.266207109,33.36034168,2.874195658,1914.67852,3.925519376,2.50745221,8.36E-05,19.74273605,48343.7713,7871871.507,0,0.230193662,16.68017084,0,0,0
2015040119191900598-.bmp,0.009314929,4.307319379,0.994881253,420.7395979,0.529965516,33.3477993,4.380066657,2517.780606,5.541837559,1.521174035,1.29E-04,1.350120631,261342.9673,6.81E+07,0,0.03050013,16.67389965,0,0,0,0.031099398,467.7468375,0.559784484,531.2702767,0.196993951,37.59688315,3.212592963,2839.613681,4.845019015,2.495646853,7.74E-05,15.87451095,184681.881,3.89E+07,0,0.147724309,18.79844158,0,0,0
2015040119191900615-.bmp,0.009272791,5.42812663,0.99231934,353.3632717,0.481084881,29.22999804,4.254819414,2031.784508,5.562934306,1.627725508,1.22E-04,1.565698357,199312.9112,5.00E+07,0,0.032371544,14.61499902,0,0,0,0.047926189,781.5261281,0.196729126,486.4648733,0.227899606,37.19366849,3.076033248,2328.3464,4.253676441,2.620729162,7.72E-05,20.24469223,70714.02627,1.36E+07,0,0.188833464,18.59683425,0,0,0
2015040119191900633-.bmp,0.010006785,5.238826943,0.993869025,427.2425663,0.487725479,28.80643258,4.171089015,2310.631591,5.45284194,1.601187571,1.23E-04,1.525440141,266726.4573,6.18E+07,0,0.029476395,14.40321629,0,0,0,0.071436404,1325.092459,0.120519406,753.3380883,0.272557969,42.35111176,2.843266138,3249.12976,3.874232161,2.483276635,8.52E-05,25.55205725,103162.6131,1.87E+07,0,0.239955008,21.17555588,0,0,0
2015040119191900679-.bmp,0.012068336,4.272072248,0.993428416,325.0412804,0.517483176,24.91397366,4.050884354,1731.161545,5.236780377,1.51177684,1.28E-04,1.365356025,256965.2014,7.84E+07,0,0.034197314,12.45698683,0,0,0,0.068605991,935.879258,0.142893611,545.9527951,0.267717145,36.41365415,2.854475099,2374.150421,3.902138851,2.483548113,8.46E-05,21.5689554,76649.00359,1.37E+07,0,0.233434403,18.20682707,0,0,0
2015040119191900693-.bmp,0.005593052,9.277034429,0.989026055,422.6845805,0.392322371,35.06342593,4.457740295,2618.16928,6.064162835,1.884392735,1.07E-04,2.130503391,213327.7833,5.33E+07,0,0.022939489,17.53171296,0,0,0,0.047966178,946.1892345,0.233155948,616.9371934,0.227567046,41.07514997,3.097723883,2963.844431,4.267499369,2.628080042,7.73E-05,22.25831377,109519.6969,2.13E+07,0,0.188712833,20.53757499,0,0,0
2015040119191900807-.bmp,0.006030411,6.170549687,0.993531165,476.9443968,0.472582505,40.18834442,4.613793891,3167.155683,5.963900877,1.693443491,1.18E-04,1.663761737,258123.1009,6.45E+07,0,0.025896583,20.09417221,0,0,0,0.036135289,707.467974,0.403991028,593.5044667,0.205237009,41.30034233,3.337681434,3107.713515,4.64006934,2.734994751,7.26E-05,19.45603482,149983.2603,3.11E+07,0,0.161580595,20.65017117,0,0,0
2015040119191900817-.bmp,0.004378112,11.5737187,0.99095652,639.8929906,0.369094655,40.71913472,4.598495965,3852.698787,6.293164542,1.970773615,1.03E-04,2.354724178,376951.2077,9.06E+07,0,0.01551578,20.35956736,0,0,0,0.052941526,1064.763455,0.218171658,680.9445236,0.237429499,42.37560968,3.031745474,3206.95429,4.180065475,2.588961952,7.91E-05,23.45506325,123188.733,2.41E+07,0,0.200560772,21.18780484,0,0,0
2015040119191900903-.bmp,0.01259696,4.03383868,0.991873782,248.1990049,0.523990449,24.76861959,4.077969889,1416.865166,5.245113107,1.504279178,1.29E-04,1.338422666,146704.5348,4.03E+07,0,0.043766302,12.38430979,0,0,0,0.049557491,458.694226,0.235591394,300.0320918,0.236530353,28.69088745,3.033336462,1399.744064,4.230415161,2.576335841,7.83E-05,15.40658255,45299.5439,8145155.421,0,0.192478482,14.34544373,0,0,0
2015040119461900006-.bmp,0.010428309,5.113924752,0.991805408,312.0304557,0.493709959,27.01558751,4.16065506,1765.355835,5.425275857,1.590467666,1.24E-04,1.49978808,171735.3009,4.15E+07,0,0.03437989,13.50779375,0,0,0,0.051739408,325.7160635,0.318312472,238.9042268,0.242710955,24.72911776,3.051268976,1099.829972,4.210110992,2.60134285,7.84E-05,12.98779017,59967.62419,1.45E+07,0,0.197968832,12.36455888,0,0,0
2015040119461900009-.bmp,0.012379952,5.95182903,0.993539091,460.6030918,0.498010041,29.24804056,4.171937205,2465.271498,5.437722194,1.62848263,1.24E-04,1.554515519,320724.0903,8.97E+07,0,0.040473396,14.62402028,0,0,0,0.04673905,599.811147,0.30638193,432.3785471,0.227696304,33.82347092,2.887078838,2086.763396,4.319073493,2.368103279,8.26E-05,17.68060446,96577.9356,2.04E+07,0,0.186150235,16.91173546,0,0,0
2015040119461900102-.bmp,0.007787718,7.471371283,0.991611477,445.3329604,0.447377029,31.75051187,4.33572764,2525.430864,5.759568643,1.741936455,1.16E-04,1.80053795,302378.1228,8.68E+07,0,0.02715832,15.87525593,0,0,0,0.045932615,358.9139737,0.282978214,250.2810798,0.230660753,26.77539776,3.141879687,1200.753522,4.333368355,2.651769467,7.63E-05,13.72236568,39296.77922,6652770.967,0,0.184673318,13.38769888,0,0,0
2015040119461900144-.bmp,0.018290029,2.965766823,0.991743615,179.6044482,0.562016881,19.79668753,3.798411821,971.3968518,4.840229661,1.378959765,1.36E-04,1.14859807,127965.824,3.99E+07,0,0.057847548,9.898343766,0,0,0,0.062379566,940.8840278,0.147930575,552.1169992,0.255480578,37.34872522,2.926870924,2452.448022,3.996053723,2.538085146,8.21E-05,21.80630216,73012.73561,1.20E+07,0,0.220601852,18.67436261,0,0,0
2015040119461900209-.bmp,0.011965614,3.999559859,0.993271929,297.2293286,0.532819567,25.39135694,4.086772604,1638.803068,5.227639439,1.478119084,1.31E-04,1.303928665,201984.3281,5.46E+07,0,0.038804121,12.69567847,0,0,0,0.011303883,179.7460061,0.855289503,621.0537922,0.160540174,40.47656821,4.1439452,3624.528657,5.998596728,2.978179805,6.42E-05,10.0433392,302377.13,6.90E+07,0,0.082247653,20.2382841,0,0,0
2015040119461900250-.bmp,0.00621368,5.306768388,0.990911992,291.9654456,0.468807427,33.05202139,4.420388286,1982.325428,5.769429809,1.646525933,1.20E-04,1.601858372,136896.6766,3.29E+07,0,0.019770475,16.52601069,0,0,0,0.065535909,1805.848771,0.086855834,988.8081412,0.260404753,49.4678632,2.86098226,4321.585145,3.927718359,2.501730473,8.34E-05,30.09681468,125546.0868,2.35E+07,0,0.227422405,24.7339316,0,0,0
2015040119461900274-.bmp,0.009047451,5.196465832,0.992167084,331.7069636,0.485256088,29.04846766,4.24908444,1936.640796,5.542797419,1.607405985,1.23E-04,1.531527126,213345.0402,5.81E+07,0,0.032664971,14.52423383,0,0,0,0.033396852,288.7738132,0.498197767,287.7366765,0.207655927,27.58738915,3.361992422,1449.042739,4.682867816,2.747417441,7.16E-05,12.47040949,96252.91371,2.21E+07,0,0.152735394,13.79369457,0,0,0
2015040120082600039-.bmp,0.003969078,9.892556729,0.989795011,484.6921628,0.367772546,38.89270018,4.585725383,3105.844614,6.265693133,1.929537553,1.04E-04,2.264726787,275693.1372,7.21E+07,0,0.014853938,19.44635009,0,0,0,0.057753164,1665.58838,0.081894902,907.0793657,0.244857193,49.06429317,2.934256904,4090.709328,4.036976895,2.557026601,8.06E-05,29.23313119,98929.71362,1.71E+07,0,0.210703573,24.53214658,0,0,0
2015040120082600085-.bmp,0.003803558,11.27945683,0.992092922,713.2506251,0.356450575,42.51805882,4.654522706,4275.37041,6.383454752,1.982976846,1.01E-04,2.398047079,504958.1025,1.44E+08,0,0.014602895,21.25902941,0,0,0,0.05917016,1533.616125,0.095204819,847.4935311,0.247556994,47.04244262,2.889944902,3805.801054,4.01183186,2.513487667,8.14E-05,28.03774778,103379.2341,1.86E+07,0,0.213315076,23.52122131,0,0,0
2015040120082600154-.bmp,0.010728382,4.45614567,0.993794913,359.0719837,0.507476368,27.99704943,4.191365919,1998.542356,5.409454018,1.545516942,1.26E-04,1.414681142,241708.206,7.00E+07,0,0.035517736,13.99852471,0,0,0,0.051907041,1463.894255,0.146309318,857.3914918,0.234521594,48.67899061,2.816971412,4068.996517,4.18514766,2.369011974,8.39E-05,27.53597418,107882.8933,1.86E+07,0,0.198679577,24.33949531,0,0,0
2015040120082600172-.bmp,0.006025658,7.653938445,0.991283566,439.0521654,0.411904652,33.40650104,4.387848969,2590.636891,5.921178398,1.795755755,1.11E-04,1.939058425,263284.0913,6.58E+07,0,0.020226917,16.70325052,0,0,0,0.065538388,1936.829212,0.054441897,1024.172499,0.259433611,50.61150887,2.853486016,4440.689532,3.903876948,2.510406792,8.33E-05,31.20028691,110972.3761,1.96E+07,0,0.226900756,25.30575443,0,0,0
2015040120082600234-.bmp,0.003930907,10.39186228,0.990654056,555.9557524,0.359349641,39.90132368,4.579967728,3461.029334,6.294044628,1.952190502,1.02E-04,2.329479656,368300.8249,1.03E+08,0,0.014273605,19.95066184,0,0,0,0.06074746,1336.880787,0.12675361,765.4659685,0.251640697,44.47897431,2.722143037,3468.616045,4.015881598,2.314021831,8.66E-05,26.08110655,100668.5663,1.82E+07,0,0.217605634,22.23948715,0,0,0
2015040120082600249-.bmp,0.008044189,5.172903625,0.993791183,416.5772109,0.494367165,34.01218375,4.421441127,2536.747989,5.691342847,1.613093549,1.23E-04,1.51864567,277832.379,8.32E+07,0,0.029913276,17.00609188,0,0,0,0.034002287,879.4191641,0.379357516,708.4748356,0.198012519,46.20049557,3.331357791,3792.243152,4.673901181,2.711619525,7.24E-05,21.81239567,166120.0735,3.38E+07,0,0.155226265,23.10024778,0,0,0
2015040120082600273-.bmp,0.002980244,13.23765323,0.990356462,686.348381,0.320457111,45.35657603,4.732893966,4382.439415,6.58589004,2.075133072,9.58E-05,2.685416667,426174.7686,1.16E+08,0,0.010742697,22.67828802,0,0,0,0.040728269,804.7249022,0.291560684,567.9561287,0.212835608,40.6435772,3.186340838,2870.144169,4.453507003,2.651285625,7.52E-05,20.68504173,106610.5712,2.03E+07,0,0.171840767,20.3217886,0,0,0
2015040120082600343-.bmp,0.003581232,11.06648409,0.992188093,708.308741,0.351849888,44.44541601,4.686686394,4402.925061,6.434986696,1.978232176,1.01E-04,2.401454095,453671.6797,1.20E+08,0,0.015913537,22.22270801,0,0,0,0.044462309,1164.467785,0.22607548,752.3135364,0.221114395,47.02581834,3.150934924,3769.791755,4.374698518,2.658818923,7.59E-05,24.77113654,111905.6079,1.98E+07,0,0.182068336,23.51290917,0,0,0
2015040120082600433-.bmp,0.003819741,11.75334181,0.990940238,648.6561809,0.352475742,42.66968897,4.640698744,4029.075479,6.38697436,1.995560963,1.01E-04,2.437457616,392877.9133,9.71E+07,0,0.012265258,21.33484448,0,0,0,0.067176362,1270.566963,0.088218996,696.7500734,0.264039141,41.55285929,2.653771955,3029.572325,3.8997054,2.278701886,8.86E-05,25.18760107,78335.11481,1.29E+07,0,0.230487089,20.77642964,0,0,0
2015040120082600481-.bmp,0.003972683,11.89688315,0.987119381,461.8133274,0.35538638,39.10028691,4.576313014,3027.2612,6.31532327,2.002358956,1.01E-04,2.441966615,226512.3549,5.14E+07,0,0.015786385,19.55014345,0,0,0,0.015755666,387.7515943,0.586021498,468.3233463,0.154869366,40.70853221,3.815101009,2846.667057,5.380773211,2.941506186,6.34E-05,14.87583138,130430.3153,2.55E+07,0,0.09612024,20.35426611,0,0,0
2015040120082600495-.bmp,0.003556269,11.64708529,0.988092707,489.0735839,0.34140611,41.18883672,4.628081834,3281.336048,6.414447719,2.010617873,9.93E-05,2.490336463,216145.2576,4.87E+07,0,0.011671883,20.59441836,0,0,0,0.057049631,1283.417583,0.100171724,713.14584,0.244450487,43.58100874,2.950865669,3219.974303,4.054608291,2.566618737,8.03E-05,25.63428208,78265.09542,1.28E+07,0,0.209145149,21.79050437,0,0,0
2015040120082600558-.bmp,0.011127372,4.576013954,0.992200725,293.3614854,0.501365216,26.33825965,4.136526629,1661.786877,5.375282944,1.565290365,1.25E-04,1.445980047,172029.7746,4.44E+07,0,0.039449661,13.16912983,0,0,0,0.054234315,1113.590548,0.162697238,664.9867878,0.239864225,42.12519888,2.987402302,3078.123724,4.136214423,2.569372715,7.99E-05,23.92585746,92687.32738,1.69E+07,0,0.203407016,21.06259944,0,0,0
2015040120082600610-.bmp,0.004810797,8.838292254,0.989944132,439.4594603,0.38181084,35.48283451,4.474132331,2710.53916,6.09839796,1.875407228,1.06E-04,2.134875456,265524.0268,7.04E+07,0,0.017387194,17.74141725,0,0,0,0.062043746,772.0473363,0.146365682,452.2119835,0.256300522,33.93480373,2.887326727,2000.746426,4.000664319,2.504860888,8.31E-05,19.72338615,60321.82848,1.14E+07,0,0.220334507,16.96740186,0,0,0
2015040120082600619-.bmp,0.006751889,5.510520996,0.99145795,322.5526078,0.456064002,32.21348135,4.377699826,2059.530643,5.760775646,1.663660473,1.19E-04,1.651261737,158728.1149,3.96E+07,0,0.022183099,16.10674068,0,0,0,0.062840505,1236.99388,0.123525919,705.6648374,0.256043304,42.25861698,2.912811849,3133.757851,3.982744246,2.534063621,8.22E-05,24.99734937,94166.70231,1.71E+07,0,0.221971179,21.12930849,0,0,0
2015040120082600652-.bmp,0.00370238,8.493974961,0.992239271,547.2408183,0.386802373,44.25395149,4.694673323,3745.405787,6.320346106,1.86590689,1.07E-04,2.103925404,303497.91,7.60E+07,0,0.011763172,22.12697574,0,0,0,0.050830308,1873.631856,0.099417007,1040.232755,0.231343217,53.75866914,2.997997387,4863.944961,4.152422935,2.591709587,7.84E-05,31.26616132,124254.6135,2.35E+07,0,0.19494001,26.87933457,0,0,0
2015040120082600668-.bmp,0.004800932,7.954212311,0.987909822,328.9534853,0.392202588,33.44804382,4.422944556,2150.316116,6.018760008,1.835982687,1.08E-04,2.041066771,188691.7922,5.33E+07,0,0.014726787,16.72402191,0,0,0,0.060022046,715.9283581,0.183127586,438.2130832,0.252419295,33.24870892,2.939866343,1955.549913,4.032201967,2.547221491,8.13E-05,19.07421101,78387.57702,1.76E+07,0,0.215939619,16.62435446,0,0,0
2015040120082600669-.bmp,0.007385462,7.004381847,0.992201504,449.0854287,0.439550592,33.47869718,4.383479653,2635.869016,5.832072864,1.750968744,1.15E-04,1.81422796,244362.2948,5.93E+07,0,0.027402843,16.73934859,0,0,0,0.042011793,1469.06041,0.162724045,877.2856791,0.213499454,51.34807968,3.142271837,4363.882216,4.36176976,2.671192023,7.50E-05,27.93293232,113832.6475,2.10E+07,0,0.174504434,25.67403984,0,0,0
2015040120082600784-.bmp,0.011008631,4.199850026,0.994655025,392.8783715,0.542943059,28.95156495,4.224106938,2178.760816,5.339686858,1.491502472,1.30E-04,1.299902191,315696.6491,9.58E+07,0,0.040975483,14.47578247,0,0,0,0.02283002,168.5800078,0.636185085,231.68375,0.19403326,24.75968962,3.611910814,1205.383541,5.05774947,2.864038544,6.66E-05,9.684311424,119108.4698,3.57E+07,0,0.121883151,12.37984481,0,0,0
2015040120082600808-.bmp,0.008723351,5.058101852,0.991469352,296.4664625,0.48272504,28.01028625,4.209351515,1747.292243,5.510084052,1.605033773,1.23E-04,1.531452139,185201.7731,5.13E+07,0,0.025691184,14.00514313,0,0,0,0.053197647,1118.198161,0.161491505,666.7780756,0.237714891,42.38431794,2.995125054,3100.422658,4.149099067,2.573408222,7.96E-05,24.00061294,91204.95845,1.62E+07,0,0.200925926,21.19215897,0,0,0
2015040120082600837-.bmp,0.004577879,9.04148409,0.99220937,580.2794284,0.387929765,40.05316249,4.602783998,3568.805565,6.21493353,1.881632714,1.07E-04,2.13264867,355146.0963,9.38E+07,0,0.017321987,20.02658125,0,0,0,0.065523588,920.7171622,0.140219623,535.4374134,0.262253351,36.39034298,2.895877781,2342.911691,3.947492408,2.519014947,8.32E-05,21.46910537,74350.72997,1.36E+07,0,0.227500652,18.19517149,0,0,0
2015040120082600885-.bmp,0.00686962,6.559761346,0.990740859,354.2316528,0.425834131,30.48650887,4.308973687,2095.630198,5.780960131,1.745811753,1.13E-04,1.825476004,191362.9166,4.65E+07,0,0.023969744,15.24325443,0,0,0,0.0566457,801.2712376,0.195887959,498.2335772,0.246274175,35.82578899,2.952808299,2272.295931,4.101715821,2.53924015,8.14E-05,20.21737741,82488.98515,1.66E+07,0,0.208793036,17.9128945,0,0,0
2015040120082600907-.bmp,0.002553621,12.92270475,0.987581951,520.3194627,0.321391136,45.31900756,4.730154789,3715.810116,6.588469235,2.06551784,9.60E-05,2.661241523,307943.9449,8.62E+07,0,0.008199661,22.65950378,0,0,0,0.052394331,1063.341373,0.120169886,604.2878938,0.236033943,41.12956442,2.995584329,2808.01064,4.142986009,2.586036337,7.89E-05,23.49623761,64419.1826,1.01E+07,0,0.198933881,20.56478221,0,0,0
2015040120082600914-.bmp,0.004128412,8.007508477,0.989751488,390.6668768,0.389538674,37.90921035,4.56464201,2666.520237,6.168492958,1.843580695,1.08E-04,2.058499609,195448.6322,5.07E+07,0,0.012829291,18.95460518,0,0,0,0.063550502,1092.042752,0.094692748,603.1337701,0.257821324,39.27538146,2.896074791,2643.946282,3.958169261,2.528548173,8.25E-05,23.44444118,62573.99704,9520051.618,0,0.223053599,19.63769073,0,0,0
2015040120082600947-.bmp,0.003855406,11.44046362,0.991165647,647.4986682,0.366085132,44.00954943,4.714183542,4122.679989,6.422225757,1.980428903,1.02E-04,2.373999087,368387.3408,9.61E+07,0,0.014410537,22.00477471,0,0,0,0.042181243,741.7798611,0.307544111,535.615245,0.217528213,38.98509064,3.204811284,2680.90951,4.444592072,2.673542973,7.51E-05,19.78299752,102065.3567,1.88E+07,0,0.176111763,19.49254532,0,0,0
2015040120082600958-.bmp,0.00305119,13.10253652,0.989020154,596.6630533,0.3337128,44.40297992,4.724858273,3947.903014,6.546131175,2.055401578,9.75E-05,2.608881064,335277.8716,8.80E+07,0,0.010507955,22.20148996,0,0,0,0.040937888,1025.912363,0.245703033,680.0453981,0.212059657,44.76731873,3.196486154,3422.40335,4.430214903,2.688426104,7.44E-05,23.38511998,116363.4156,2.24E+07,0,0.172346114,22.38365936,0,0,0
2015040120082600979-.bmp,0.004617627,10.64947183,0.991066917,596.0692627,0.358773868,38.02791471,4.518390229,3496.51581,6.228501538,1.960627498,1.02E-04,2.348089463,381777.6151,9.69E+07,0,0.020057381,19.01395736,0,0,0,0.053539148,1065.944291,0.159479659,634.097855,0.238616574,41.7040656,3.009950894,2967.681641,4.155958982,2.587618938,7.91E-05,23.49427165,83978.25048,1.51E+07,0,0.202347418,20.8520328,0,0,0
2015040120082601006-.bmp,0.00517099,8.020888758,0.9913953,466.0760302,0.39868981,35.72342527,4.482472148,2832.280384,6.05585448,1.834370891,1.09E-04,2.024540297,262696.9643,6.57E+07,0,0.017644757,17.86171264,0,0,0,0.06363706,1237.510612,0.149432625,727.4618384,0.258007637,42.42834833,2.920837316,3233.180168,3.985804789,2.531236151,8.26E-05,24.91529408,108999.4277,2.00E+07,0,0.223633933,21.21417417,0,0,0
2015040120082601021-.bmp,0.002681983,17.30614567,0.990534727,914.1916183,0.307838714,51.93700117,4.864129995,5855.315529,6.782215487,2.173556287,9.24E-05,2.963031429,534907.8377,1.35E+08,0,0.010250391,25.96850059,0,0,0,0.054604258,893.656338,0.110125151,502.1247309,0.241105916,37.11632107,2.97700863,2280.33524,4.092379581,2.581718838,7.96E-05,21.47057251,50131.60356,7581760.617,0,0.20355699,18.55816054,0,0,0
2015040120082601056-.bmp,0.002909661,12.35379499,0.991763718,749.9619077,0.348005979,50.68080334,4.86316389,5086.749921,6.63711316,2.024830281,9.95E-05,2.506435837,440379.8298,1.19E+08,0,0.011349113,25.34040167,0,0,0,0.073716663,1686.294118,0.050636157,888.1179384,0.275218156,45.8271518,2.775488792,3719.623323,3.790573368,2.449892788,8.61E-05,28.81491914,94844.70782,1.59E+07,0,0.243176187,22.9135759,0,0,0
2015040120082601072-.bmp,0.011275025,4.112809729,0.991559252,243.6282697,0.522368627,25.59512585,4.119267303,1431.612769,5.293194542,1.50973587,1.28E-04,1.347603678,130692.6757,3.40E+07,0,0.038005347,12.79756292,0,0,0,0.058508778,1765.500072,0.11976812,1002.860787,0.246343515,50.94296427,2.938780105,4550.344773,4.045813476,2.545874805,8.10E-05,30.01656886,139667.6745,2.73E+07,0,0.212548905,25.47148213,0,0,0
2015040120082601079-.bmp,0.00334077,10.95487415,0.988073059,459.2491101,0.345935382,40.14909038,4.621732796,3088.234703,6.386720528,1.985118785,1.00E-04,2.426274778,238170.7485,5.92E+07,0,0.01088615,20.07454519,0,0,0,0.049967404,1229.511424,0.235147206,803.7569017,0.231079164,46.34782864,3.089530979,3856.796499,4.250368993,2.619346013,7.79E-05,25.22077465,151962.215,3.04E+07,0,0.193945618,23.17391432,0,0,0
2015040120082601107-.bmp,0.005012411,7.48168362,0.988443917,323.7119256,0.396049058,33.55455138,4.422665195,2136.032812,6.003706951,1.812348836,1.09E-04,1.993759781,143897.7887,3.37E+07,0,0.015571205,16.77727569,0,0,0,0.060271828,1413.635228,0.102526995,787.5642054,0.250863212,45.15885172,2.919508176,3520.783737,4.007064823,2.539777388,8.16E-05,26.80529799,92048.58966,1.57E+07,0,0.216223266,22.57942586,0,0,0
2015040120082601146-.bmp,0.002289244,14.3118186,0.989426668,676.7885077,0.320187534,51.66016888,4.880135456,4881.21374,6.760989288,2.099547026,9.53E-05,2.744512911,377795.6579,1.02E+08,0,0.007589984,25.83008444,0,0,0,0.046984265,1341.024638,0.190057947,827.8522111,0.22456319,48.7181175,3.06339358,4054.738023,4.291433835,2.59444131,7.73E-05,26.50508933,118980.0473,2.16E+07,0,0.187183751,24.35905875,0,0,0
2015040120082601159-.bmp,0.002596774,14.98134455,0.9875742,602.8322038,0.311163134,46.77658451,4.78162695,4159.923931,6.684301488,2.129850885,9.34E-05,2.837095722,287959.1905,6.38E+07,0,0.009350548,23.38829225,0,0,0,0.069642248,2231.37841,0.062113389,1189.577922,0.267053847,53.55268649,2.827694978,5099.95804,3.858504433,2.488455094,8.46E-05,33.32031821,151026.9857,2.96E+07,0,0.235517736,26.77634324,0,0,0
2015040120082601344-.bmp,0.002329144,18.18427882,0.989198543,841.7512058,0.299013822,52.82437402,4.895120032,5646.033932,6.852144793,2.200680338,9.11E-05,3.058150756,501819.4861,1.34E+08,0,0.008101852,26.41218701,0,0,0,0.058184137,2215.074446,0.095802094,1224.88364,0.244987242,56.33941706,2.933360341,5536.66701,4.034501286,2.552567674,8.08E-05,33.66274126,167707.9805,3.43E+07,0,0.211538211,28.16970853,0,0,0
2015040123301300274-.bmp,0.011328581,7.394209703,0.991682522,444.4983112,0.43360455,28.78881064,4.180903764,2376.148116,5.618763696,1.783139098,1.12E-04,1.868068597,279803.5752,7.17E+07,0,0.047675404,14.39440532,0,0,0,0.012933213,101.9186391,0.872026125,398.2009591,0.188495464,30.41824139,4.177466064,2179.463487,5.90421643,2.972610351,6.15E-05,7.534973266,209241.444,5.03E+07,0,0.089485524,15.2091207,0,0,0
2015040123301300296-.bmp,0.007550803,10.16982916,0.990695811,546.5188125,0.383869103,33.42093766,4.359293542,3020.48458,5.970839416,1.930869599,1.04E-04,2.22985133,349456.4453,9.45E+07,0,0.030108894,16.71046883,0,0,0,0.031988992,358.507841,0.540711053,390.2857271,0.200472145,32.5655549,3.435999303,2051.166077,4.794849512,2.756060642,7.12E-05,13.91082094,119474.1946,2.35E+07,0,0.14946531,16.28277745,0,0,0
2015040123301301095-.bmp,0.005933872,11.43126304,0.990312652,590.0099027,0.3706952,37.00585876,4.502073095,3405.104431,6.174005273,1.984261519,1.02E-04,2.365202791,360095.0979,9.68E+07,0,0.0278006,18.50292938,0,0,0,0.032045516,590.2589006,0.50137148,591.8824108,0.195994591,40.57426969,3.432367946,3156.791608,4.782828636,2.762084562,7.11E-05,17.85933099,192380.1715,4.24E+07,0,0.150169536,20.28713485,0,0,0
2015040200063600119-.bmp,0.004423125,14.0490969,0.983075972,415.0636255,0.311498051,31.42532929,4.339129848,2379.867605,6.192531347,2.104630742,9.37E-05,2.777572379,257683.9714,6.66E+07,0,0.016692749,15.71266465,0,0,0,0.027100544,1058.231863,0.375492206,847.2527272,0.179287382,53.74871218,3.438908584,4861.855384,4.881085014,2.792824798,6.99E-05,24.17313185,170149.3417,3.34E+07,0,0.135713354,26.87435609,0,0,0
2015040200063600147-.bmp,0.003386481,18.48277256,0.984305012,588.8112971,0.287429288,40.15201487,4.614896833,3599.649174,6.582127005,2.232282101,8.83E-05,3.166516693,334202.9408,8.53E+07,0,0.018381586,20.07600743,0,0,0,0.032638361,415.0967723,0.572693228,485.7128414,0.202024316,35.60961137,3.47335924,2560.493294,4.816943286,2.772776088,7.11E-05,14.9157603,163743.7334,3.28E+07,0,0.152468049,17.80480569,0,0,0
2015040200063600193-.bmp,0.004821129,11.34141562,0.989263852,528.1883123,0.355035071,35.55595657,4.471585732,3067.649944,6.186890053,1.988032549,1.01E-04,2.409060381,329213.7519,8.43E+07,0,0.017504564,17.77797829,0,0,0,0.017770335,351.9649844,0.654278337,509.0294039,0.165613834,40.99820031,3.875075892,3062.278998,5.440116329,2.942044044,6.39E-05,14.01421492,150521.9104,2.91E+07,0,0.107479134,20.49910016,0,0,0
2015040212081700027-.bmp,0.005118779,143.8226069,0.918346865,880.6925036,0.15421361,50.40412754,4.8175522,5457.083259,7.143553794,3.224177634,5.20E-05,9.088875848,431105.4525,9.78E+07,0,0.057029212,25.20206377,0,0,0,0.002409679,22.42171035,0.986321823,819.6162045,0.271329009,48.88754238,4.813343308,5198.578132,6.870971556,2.302600412,8.58E-05,3.428054903,451476.3919,1.07E+08,0,0.008375717,24.44377119,0,0,0
2015040212081700065-.bmp,0.002069407,139.067635,0.925028717,927.4726929,0.132843206,58.42901343,5.023358596,6422.987105,7.677223043,3.22027728,5.14E-05,9.062874935,452646.9145,1.15E+08,0,0.03221505,29.21450672,0,0,0,0.002034777,24.197232,0.985928165,859.7752768,0.253713311,51.00111176,4.856247212,5544.2524,6.97705786,2.355517111,8.30E-05,3.646247392,554322.8524,1.52E+08,0,0.007407407,25.50055588,0,0,0
2015040212081700279-.bmp,0.002504974,28.04644627,0.980735266,727.9219819,0.231768758,42.63408972,4.660709483,4325.619088,6.829012284,2.438928055,7.83E-05,4.012017475,529783.4839,1.57E+08,0,0.016790558,21.31704486,0,0,0,0.004589706,12.42057577,0.994026017,1039.555718,0.368392508,48.00682381,4.728132859,6018.847388,6.434517888,2.005958289,1.02E-04,2.429750261,710163.7452,1.88E+08,0,0.019271648,24.00341191,0,0,0
2015040212081700317-.bmp,0.001982471,87.65101721,0.947544628,835.481801,0.151438128,53.56604721,4.918533973,5620.856731,7.486790162,2.997154846,5.80E-05,7.20247783,368200.4933,7.83E+07,0,0.025779212,26.7830236,0,0,0,0.003354761,15.36681664,0.988969215,696.5423111,0.33949425,46.02293297,4.76194053,4473.271925,6.588424651,2.099412171,9.70E-05,2.706442358,394224.3571,9.88E+07,0,0.014234481,23.01146648,0,0,0
2015040212081700318-.bmp,0.00236793,41.24450965,0.959107392,504.3027509,0.200077903,41.19568336,4.661150126,3310.738613,6.975388533,2.633353281,7.03E-05,4.923735003,222843.0235,4.97E+07,0,0.022176578,20.59784168,0,0,0,0.004048719,16.3049524,0.991963338,1014.410749,0.34455078,49.6588452,4.774506076,6055.941943,6.592283889,2.11412764,9.72E-05,2.739198618,626280.341,1.58E+08,0,0.015349504,24.8294226,0,0,0
2015040212081700354-.bmp,0.003189835,26.24173839,0.972281538,473.3621009,0.238931865,38.37820814,4.579848318,3009.535792,6.699146516,2.417128849,7.88E-05,3.911456703,207044.8725,4.39E+07,0,0.025994392,19.18910407,0,0,0,0.003734369,10.60008803,0.992554654,711.8599708,0.387142531,49.63694249,4.850949952,4842.624923,6.499153004,1.940511481,1.05E-04,2.248829551,345325.0429,8.08E+07,0,0.016826421,24.81847124,0,0,0
2015040213051500063-.bmp,0.004646478,28.72077465,0.981221994,764.745066,0.247950767,42.70924622,4.647280063,4478.972757,6.72754939,2.451825672,7.82E-05,3.980118675,453700.5773,1.17E+08,0,0.041083073,21.35462311,0,0,0,0.003759152,17.63496348,0.991191187,1000.98405,0.315619375,48.04397496,4.734913529,5861.976037,6.633637082,2.175470969,9.31E-05,2.951232394,653171.9664,1.71E+08,0,0.014475743,24.02198748,0,0,0
2015040213051500121-.bmp,0.004121976,28.80396779,0.981839595,793.0431217,0.242437734,41.35716288,4.607743475,4493.888346,6.706280856,2.452334042,7.81E-05,4.008004043,539384.2158,1.45E+08,0,0.035944836,20.67858144,0,0,0,0.008552925,6.574533777,0.991070007,368.1152716,0.457482073,31.45833007,4.344795497,2201.03031,5.738155477,1.716009205,1.17E-04,1.727767997,184908.3191,4.50E+07,0,0.03609481,15.72916504,0,0,0
2015040213051500190-.bmp,0.00512113,47.12545318,0.946150104,437.5630813,0.205345868,32.70917123,4.394131581,2504.868342,6.592296919,2.701290982,6.78E-05,5.217276343,247711.6641,6.36E+07,0,0.045060642,16.35458562,0,0,0,0.001313986,32.95069118,0.983779595,1015.717276,0.226346985,65.77838419,5.14962822,7705.764465,7.413558732,2.504323364,7.68E-05,4.260459051,448856.6889,1.09E+08,0,0.006693401,32.8891921,0,0,0
2015040213051500270-.bmp,0.002391371,34.55702269,0.96622747,511.6143584,0.211197213,39.20357981,4.604862815,3208.971629,6.89384985,2.547281591,7.36E-05,4.512519562,297078.1719,7.83E+07,0,0.021413667,19.60178991,0,0,0,0.003061763,13.43462441,0.990600345,714.6338793,0.336461895,48.95510563,4.830865245,4792.049483,6.648712896,2.073956505,9.69E-05,2.639064945,371381.9539,9.52E+07,0,0.013080334,24.47755282,0,0,0
2015040213051500328-.bmp,0.004575776,76.82801252,0.925711664,517.0933764,0.177937519,39.45409494,4.602889683,3206.152001,6.985999172,2.929732911,6.05E-05,6.618342462,231085.0167,5.11E+07,0,0.048571987,19.72704747,0,0,0,0.005575463,14.30386998,0.988990907,649.6389142,0.357725928,37.98316054,4.500760317,3705.322911,6.235464126,2.045250126,1.00E-04,2.546749478,385382.3747,9.06E+07,0,0.023679577,18.99158027,0,0,0
2015040213051500339-.bmp,0.005850578,29.05624348,0.961122054,373.6854254,0.244487928,30.34566054,4.32248856,2142.890938,6.400649775,2.46733881,7.68E-05,4.060227569,211567.8147,5.53E+07,0,0.04925013,15.17283027,0,0,0,0.003146782,15.30382107,0.989812885,751.1361728,0.336974874,51.47419144,4.877763268,5160.467989,6.71535308,2.106866337,9.65E-05,2.727217006,318223.6455,7.02E+07,0,0.013983438,25.73709572,0,0,0
2015040213051500486-.bmp,0.003326087,45.96792514,0.962720106,616.5243466,0.200373777,41.36140454,4.652263214,3767.690518,6.920817166,2.684740379,6.86E-05,5.149230569,335404.091,8.14E+07,0,0.032814945,20.68070227,0,0,0,0.00740098,6.114746348,0.988527471,266.4951436,0.448913178,30.00088354,4.309836369,1719.895733,5.723659994,1.697206343,1.17E-04,1.712946661,93634.89588,1.75E+07,0,0.025401017,15.00044177,0,0,0
2015040213051500618-.bmp,0.004312765,42.65468832,0.954895315,472.8409935,0.210476423,35.51804251,4.490253074,2811.433003,6.70176752,2.651913628,6.97E-05,4.953788472,241077.3969,5.52E+07,0,0.040476656,17.75902126,0,0,0,0.003728464,13.12923839,0.988229074,557.6977539,0.347582756,40.72001826,4.641231506,3519.340631,6.418788592,2.045419552,9.87E-05,2.553508086,332481.3464,8.83E+07,0,0.01336724,20.36000913,0,0,0
2015040213051500660-.bmp,0.007130325,30.90519366,0.958628274,373.5062129,0.24547129,27.8995403,4.21218574,2024.210424,6.261938761,2.498914061,7.56E-05,4.173138367,234648.5958,6.20E+07,0,0.056126109,13.94977015,0,0,0,0.003702718,18.04662233,0.986879865,687.74532,0.297694016,39.63550469,4.572650142,3962.338427,6.5212341,2.205917212,9.03E-05,3.070683359,458541.9601,1.22E+08,0,0.015457094,19.81775235,0,0,0
2015040213051500731-.bmp,0.005747623,25.24670709,0.974917537,503.2740919,0.256451316,31.69460746,4.317744979,2737.34226,6.332506856,2.394599483,8.00E-05,3.762460876,338934.0744,9.33E+07,0,0.042745827,15.84730373,0,0,0,0.002347516,17.8124837,0.984442539,572.4739881,0.302344555,47.59125913,4.804723819,4102.771073,6.762607118,2.191449929,9.14E-05,3.02402517,267452.9751,6.13E+07,0,0.009582029,23.79562956,0,0,0
2015040213051500866-.bmp,0.005435661,27.25197574,0.9695424,447.375619,0.245034036,31.22777126,4.31284507,2486.663752,6.377100087,2.435661257,7.80E-05,3.950841158,249251.2681,5.94E+07,0,0.043088159,15.61388563,0,0,0,0.004652369,13.58046753,0.987160758,528.8656293,0.336877465,35.18389737,4.451445462,3046.36565,6.246580454,2.063818001,9.74E-05,2.620569249,335219.2351,8.59E+07,0,0.016588419,17.59194868,0,0,0
2015040213051500887-.bmp,0.005053293,27.71536907,0.975702378,570.3309036,0.248575691,35.73723918,4.457328586,3232.041052,6.515467653,2.437329085,7.85E-05,3.932420449,324553.7213,7.82E+07,0,0.041422144,17.86861959,0,0,0,0.004143663,16.23709246,0.988818803,726.0891617,0.322011191,41.38317358,4.602367478,4240.947252,6.469942388,2.139255756,9.45E-05,2.841063511,481010.1699,1.34E+08,0,0.014537689,20.69158679,0,0,0
2015040213051501145-.bmp,0.007356779,23.82292971,0.976804453,513.5237788,0.268813098,30.82413602,4.270261911,2735.380416,6.226079334,2.367037852,8.15E-05,3.620504043,328830.4494,8.35E+07,0,0.052627804,15.41206801,0,0,0,0.006677073,11.69494979,0.990153624,593.8707589,0.394599172,34.70789319,4.3838962,3283.332879,5.998840092,1.929922458,1.07E-04,2.240639671,383445.8067,9.53E+07,0,0.024374022,17.3539466,0,0,0
2015040213483300067-.bmp,0.005646258,43.0973885,0.95681068,498.935713,0.21768426,33.23395605,4.400321501,2784.023945,6.556922604,2.653093579,6.99E-05,4.926789906,316500.9916,8.28E+07,0,0.049041471,16.61697803,0,0,0,0.003311172,20.03477439,0.98804129,837.6645388,0.295249676,44.85020214,4.699693084,4942.686758,6.669072421,2.244630275,8.93E-05,3.185967658,561347.5729,1.53E+08,0,0.014404017,22.42510107,0,0,0
2015040213483300088-.bmp,0.005462923,25.33012194,0.971246421,440.4690338,0.253028596,32.36129695,4.361592373,2520.529469,6.378045439,2.396779671,8.00E-05,3.781028299,230714.5873,5.39E+07,0,0.040153886,16.18064847,0,0,0,0.002859128,18.62283516,0.988703964,824.3084029,0.303881802,48.98571335,4.805606223,5230.492643,6.751792848,2.20590854,9.11E-05,3.059070162,465536.2747,1.14E+08,0,0.011473005,24.49285668,0,0,0
2015040213483300149-.bmp,0.006080541,26.65622392,0.977515997,592.7819935,0.250479473,30.66102308,4.255192764,3041.739625,6.282282688,2.420612993,7.88E-05,3.875629238,505013.2112,1.53E+08,0,0.046850548,15.33051154,0,0,0,0.005086487,10.28280842,0.990427647,537.1097389,0.372924287,36.38728808,4.478610931,3156.319825,6.144509627,1.931301719,1.04E-04,2.26152517,327026.8178,8.39E+07,0,0.018811946,18.19364404,0,0,0
2015040213483300154-.bmp,0.004892541,22.63212376,0.97447242,443.2876922,0.260333324,31.19650822,4.331541764,2472.245068,6.332403713,2.341471364,8.22E-05,3.57930686,286374.7924,7.53E+07,0,0.03512976,15.59825411,0,0,0,0.00970016,6.468296818,0.992871131,453.669213,0.482378067,31.2253782,4.3019253,2533.080871,5.617264962,1.673570764,1.20E-04,1.636476265,315347.8944,8.72E+07,0,0.03997457,15.6126891,0,0,0
2015040213483300318-.bmp,0.001671258,45.8343049,0.959009741,559.0877722,0.189564818,45.60255608,4.768258516,3857.956641,7.1764407,2.677276403,6.91E-05,5.166686228,262660.1548,6.19E+07,0,0.015114763,22.80127804,0,0,0,0.006662662,6.668981481,0.992123804,423.363102,0.482659301,38.4929121,4.557467574,2838.397822,5.902723366,1.703368376,1.19E-04,1.671928795,214822.8854,5.37E+07,0,0.025472744,19.24645605,0,0,0
2015040214021800118-.bmp,0.0079947,76.20933751,0.948307019,737.134288,0.195151154,40.41622327,4.559722545,4158.016458,6.823658236,2.920364359,6.14E-05,6.479968701,407603.8068,9.51E+07,0,0.071133281,20.20811163,0,0,0,0.007274721,9.385517736,0.980697374,243.1150542,0.381250949,26.04062989,4.158720444,1441.89266,5.778641341,1.906913988,1.05E-04,2.18717397,106863.1975,2.37E+07,0,0.026261737,13.02031495,0,0,0
2015040214021800283-.bmp,0.004965232,83.70421557,0.927826158,579.8791722,0.174146711,41.24533451,4.641218319,3575.673795,7.060654254,2.972593458,5.91E-05,6.915202791,250199.283,5.11E+07,0,0.053318988,20.62266725,0,0,0,0.003936627,20.75856481,0.980896511,543.3186668,0.283606803,35.64008542,4.479136404,3123.520846,6.454673715,2.273722266,8.70E-05,3.297929708,365575.4123,1.03E+08,0,0.020246479,17.82004271,0,0,0
2015040214364300015-.bmp,0.004646534,13.16957812,0.981237945,350.9631124,0.311414832,29.70776278,4.268890255,2037.819107,6.118213786,2.079957954,9.44E-05,2.724325117,211474.2388,5.86E+07,0,0.012852113,14.85388139,0,0,0,0.005180043,9.937747783,0.990611282,529.2388021,0.396649524,38.8060772,4.559985179,3279.812279,6.174797796,1.898828124,1.07E-04,2.153742827,321367.5869,9.03E+07,0,0.023653495,19.4030386,0,0,0
2015040214364300031-.bmp,0.002164831,26.75178013,0.980824015,697.5334177,0.237195479,47.61901408,4.810756535,4595.928805,6.976582017,2.418692653,7.93E-05,3.920116067,376050.1526,1.00E+08,0,0.015065858,23.80950704,0,0,0,0.004572009,11.09722548,0.992843923,775.3707317,0.371530989,43.2040982,4.652318027,4576.625456,6.342903355,1.966992093,1.03E-04,2.33415819,534515.99,1.55E+08,0,0.018394627,21.6020491,0,0,0
2015040214364300052-.bmp,0.002723405,31.9842234,0.973989608,614.8354841,0.224785866,44.10465245,4.715925288,3978.829541,6.928170809,2.507331088,7.55E-05,4.28846831,279070.44,6.56E+07,0,0.024660929,22.05232623,0,0,0,0.00284973,14.93622522,0.989170392,689.6014098,0.337189654,51.72310576,4.888444599,4936.9549,6.730382153,2.101628994,9.65E-05,2.710631847,266215.4444,5.41E+07,0,0.013103156,25.86155288,0,0,0
2015040214364300118-.bmp,0.002806628,35.24130477,0.970240306,592.0978981,0.213766582,41.99834703,4.667373636,3726.751862,6.934316109,2.555678426,7.35E-05,4.526366067,266130.5052,5.63E+07,0,0.025942227,20.99917351,0,0,0,0.005827418,11.79584963,0.992680027,805.7303611,0.369074244,39.57116914,4.472915166,4443.013027,6.167989365,1.973156929,1.03E-04,2.362470657,553673.9171,1.44E+08,0,0.020709442,19.78558457,0,0,0
2015040214364300122-.bmp,0.00366189,20.07797992,0.984464765,646.2078083,0.273112267,37.72296557,4.519379021,3667.231413,6.528439233,2.273834617,8.60E-05,3.331422796,426739.8696,1.12E+08,0,0.022267866,18.86148279,0,0,0,0.003403554,12.72100287,0.989539227,608.0336258,0.353553999,45.24734611,4.734542368,4060.700768,6.506556911,2.030059021,9.98E-05,2.506944444,323220.0911,7.79E+07,0,0.013817162,22.62367306,0,0,0
2015040214364300136-.bmp,0.002066743,21.89026148,0.984760367,718.2017465,0.261298274,48.89613002,4.836196955,4792.194426,6.921755908,2.315125903,8.43E-05,3.494519431,396884.1205,9.71E+07,0,0.011036124,24.44806501,0,0,0,0.011081633,8.42564228,0.996893098,1355.955404,0.494000605,48.04319575,4.623083215,7300.702145,5.940797344,1.753138255,1.18E-04,1.758956051,1247842.932,4.30E+08,0,0.05161385,24.02159787,0,0,0
2015040214364300157-.bmp,0.00330618,24.31924231,0.98041246,620.7834852,0.261230808,39.98677621,4.601878294,3710.905699,6.682398859,2.355384255,8.31E-05,3.615003912,348230.8772,8.53E+07,0,0.021990741,19.99338811,0,0,0,0.006996875,12.39062663,0.990460734,649.4538736,0.39934652,34.25041406,4.345182956,3479.747715,5.939459897,1.932754911,1.07E-04,2.255213224,511608.5952,1.48E+08,0,0.022212441,17.12520703,0,0,0
2015040214364300190-.bmp,0.004772702,14.41564945,0.97894151,342.2764323,0.303473752,29.21000261,4.275490189,1976.419989,6.141692221,2.126525109,9.21E-05,2.85279734,208076.9405,5.72E+07,0,0.021400626,14.6050013,0,0,0,0.00412179,11.26832942,0.988996106,512.0155228,0.350991422,37.59911972,4.502936598,3132.151099,6.255251984,1.986919566,1.01E-04,2.419405321,318696.3064,7.91E+07,0,0.0148735,18.79955986,0,0,0
2015040214364300222-.bmp,0.002359063,56.27041275,0.951627127,581.6319031,0.176879536,43.18173905,4.704896182,3750.724637,7.089093533,2.784671127,6.48E-05,5.782091158,280821.2909,6.25E+07,0,0.023904538,21.59086952,0,0,0,0.004199082,12.20960159,0.991582243,725.2289306,0.378080209,45.30145736,4.705739112,4536.71846,6.401134983,1.992736694,1.03E-04,2.38006977,472112.6874,1.25E+08,0,0.019486828,22.65072868,0,0,0
2015040214364300223-.bmp,0.004257796,18.84555621,0.981186389,500.8489966,0.279443174,36.49232851,4.513662565,3007.185506,6.486568652,2.255468249,8.63E-05,3.256719484,290977.7495,7.94E+07,0,0.031201095,18.24616425,0,0,0,0.003649455,12.73460485,0.993629014,999.4218765,0.368446118,49.82012259,4.808570593,6010.992714,6.53245866,2.007031197,1.02E-04,2.43523735,745546.5974,2.17E+08,0,0.014048644,24.91006129,0,0,0
2015040214364300233-.bmp,0.003628965,26.27925143,0.979455261,639.5615719,0.246016253,37.58192488,4.51656589,3625.285002,6.597781389,2.405328742,8.00E-05,3.833815858,464553.8483,1.35E+08,0,0.025039124,18.79096244,0,0,0,0.007333124,8.158669144,0.988566871,356.7994921,0.421785652,29.43277582,4.254874053,2052.966037,5.780480027,1.822949148,1.11E-04,1.962359807,237958.5976,6.77E+07,0,0.02672796,14.71638791,0,0,0
2015040214364300323-.bmp,0.00263733,24.6333529,0.970431153,416.5423317,0.238485295,37.96872066,4.570236538,2756.994715,6.703265897,2.384818283,8.01E-05,3.808868023,177646.2923,3.82E+07,0,0.016467788,18.98436033,0,0,0,0.004133711,9.139736568,0.992855228,639.6100824,0.398569019,46.77402843,4.759520338,4314.519483,6.36449179,1.881522456,1.08E-04,2.11109807,316443.5863,7.26E+07,0,0.019108633,23.38701421,0,0,0
2015040214364300339-.bmp,0.003501251,22.20267671,0.980928587,582.093133,0.26588019,40.68533842,4.631043175,3606.082061,6.676601953,2.326803304,8.36E-05,3.510058033,317770.2667,8.41E+07,0,0.026320423,20.34266921,0,0,0,0.005403843,10.03075117,0.990847376,547.971306,0.392539943,39.28285733,4.559578241,3387.560583,6.182868482,1.906789881,1.07E-04,2.177738654,264573.7049,5.50E+07,0,0.023200313,19.64142866,0,0,0
2015040214364300354-.bmp,0.003108325,34.00082486,0.97474797,673.2295479,0.222330618,43.84843179,4.712424814,4190.544409,6.931464935,2.539181992,7.42E-05,4.420927882,352377.2115,8.74E+07,0,0.031282603,21.9242159,0,0,0,0.001451433,37.30408842,0.982639439,1074.391816,0.223879214,63.69355112,5.1033942,7693.069665,7.391093211,2.547621034,7.61E-05,4.438510694,527798.1373,1.32E+08,0,0.007042254,31.84677556,0,0,0
2015040214364300359-.bmp,0.004659105,24.72949922,0.970800762,423.4613829,0.249844453,32.42050078,4.389038433,2454.878914,6.435453371,2.39082827,7.97E-05,3.782029212,254383.5193,6.64E+07,0,0.03717723,16.21025039,0,0,0,0.002185226,22.32100939,0.984848566,736.5972721,0.276688318,51.37662363,4.867852829,5087.133841,6.928621088,2.293365283,8.68E-05,3.385406886,354121.2704,7.91E+07,0,0.009728743,25.68831182,0,0,0
2015040214364300417-.bmp,0.002779882,26.16935316,0.986956067,1003.123533,0.255337255,47.65565989,4.758234345,5826.513897,6.870128379,2.382682377,8.22E-05,3.726349765,703783.2552,1.93E+08,0,0.019186881,23.82782994,0,0,0,0.003274183,15.07926774,0.989385818,710.3358455,0.330960527,45.26753717,4.695423627,4472.360512,6.550582397,2.107899497,9.60E-05,2.740594027,477811.5313,1.27E+08,0,0.012336985,22.63376858,0,0,0
2015040214364300447-.bmp,0.004374131,18.15264737,0.979300299,438.4760737,0.285667303,34.63616328,4.438037497,2647.678448,6.387104175,2.227638574,8.81E-05,3.159748305,177919.1112,3.35E+07,0,0.022385237,17.31808164,0,0,0,0.008403758,7.163592201,0.993031578,514.0039386,0.453216156,33.58645996,4.372314858,2902.318436,5.78778349,1.74760172,1.16E-04,1.789257303,334900.0717,8.70E+07,0,0.03179121,16.79322998,0,0,0
2015040214364300562-.bmp,0.003004399,20.43271714,0.979889859,508.0202335,0.265541323,38.36688511,4.579351304,3153.245657,6.630651017,2.289558914,8.48E-05,3.405956573,277632.2444,7.15E+07,0,0.018727178,19.18344255,0,0,0,0.001831668,22.65139215,0.988677366,1000.270467,0.269997972,59.15133998,5.014210157,6909.259303,7.107271776,2.317973986,8.53E-05,3.473020996,571895.8598,1.44E+08,0,0.009340767,29.57566999,0,0,0
2015040214364300639-.bmp,0.001247091,84.30222027,0.961486381,1094.44687,0.147367088,64.43447118,5.119768638,7811.719197,7.744461293,2.976332278,5.87E-05,7.076652973,508200.1496,1.20E+08,0,0.017097027,32.21723559,0,0,0,0.002345936,21.08617958,0.986710904,793.3639557,0.274903302,49.4721994,4.800603461,5147.921127,6.860741477,2.280188932,8.69E-05,3.348888237,479085.4172,1.21E+08,0,0.010436228,24.7360997,0,0,0
2015040214364300697-.bmp,0.002049284,30.22126695,0.97692927,654.9699,0.22600328,45.87776148,4.761717063,4280.187441,6.979792348,2.472371364,7.73E-05,4.150172796,352612.5727,8.87E+07,0,0.012630412,22.93888074,0,0,0,0.010127555,6.708075769,0.994041476,562.8973962,0.495869865,34.66139476,4.390532522,3161.20661,5.671590029,1.671668843,1.22E-04,1.618384846,390131.7176,1.09E+08,0,0.037747783,17.33069738,0,0,0
2015040214364300713-.bmp,0.004340409,12.7472157,0.988033263,532.610326,0.330971913,35.03102504,4.456398023,3052.501905,6.247720206,2.048621775,9.69E-05,2.598017736,410574.7969,1.30E+08,0,0.01767736,17.51551252,0,0,0,0.012383454,8.534979786,0.995745844,1003.13421,0.504699824,44.69943597,4.593251909,5612.507859,5.874815229,1.730752533,1.20E-04,1.714818075,691890.3211,1.94E+08,0,0.069089071,22.34971798,0,0,0
2015040214364300751-.bmp,0.003610041,19.53732394,0.978223574,448.5888617,0.268839504,32.94495305,4.391377217,2590.124816,6.410861814,2.267637441,8.57E-05,3.333894105,271983.8648,6.84E+07,0,0.019004304,16.47247653,0,0,0,0.003493203,15.40395801,0.991065546,862.0536603,0.326308783,47.13532864,4.745291676,5229.725917,6.607099825,2.120776958,9.52E-05,2.78135759,590858.6144,1.66E+08,0,0.015121283,23.56766432,0,0,0
2015040214364300775-.bmp,0.002807582,20.78811294,0.986696363,781.2943752,0.273692264,44.31986176,4.706734166,4673.589266,6.733721278,2.284871423,8.60E-05,3.361293688,515499.0337,1.39E+08,0,0.014537689,22.15993088,0,0,0,0.007655133,9.676656234,0.994243181,840.4516303,0.445693696,43.99117762,4.63154454,4901.310581,6.101149374,1.835988896,1.13E-04,1.967977308,504395.7921,1.22E+08,0,0.03383542,21.99558881,0,0,0
2015040214364300959-.bmp,0.005588936,12.83566119,0.984873673,424.2821552,0.316016964,28.45790949,4.197293333,2272.870456,6.012215654,2.07396704,9.45E-05,2.693824987,312799.8726,9.32E+07,0,0.021954877,14.22895475,0,0,0,0.003856525,9.540525561,0.992456856,632.3971579,0.400258537,47.74256651,4.806427696,4363.560122,6.405685768,1.892928824,1.07E-04,2.128573292,343476.8646,9.83E+07,0,0.018472874,23.87128326,0,0,0
